0,1,2,3,4,5,6,7
1,1,1,12,1,4.378099,0,2
1,1,2,12,1,2.3181,1,0
1,1,3,12,1,2.216297,1,1
1,1,4,12,1,2.250298,1,2
1,1,5,12,1,0.883598,0,0
1,1,6,12,1,0.415501,1,1
1,1,7,12,1,0.667301,2,2
1,1,8,12,1,0.448402,0,0
1,1,9,12,1,0.265904,1,1
1,1,10,12,1,0.6157,2,2
1,1,11,12,1,0.266701,0,0
1,1,12,12,1,0.2826,1,1
1,1,13,12,1,0.382103,2,2
1,1,14,12,1,0.167099,0,0
1,1,15,12,1,0.199997,1,1
1,1,16,12,1,0.282898,2,2
1,1,17,12,1,0.199898,0,0
1,1,18,12,1,0.231995,1,1
1,1,19,12,1,0.317001,2,2
1,1,20,12,1,0.0989,0,0
1,1,21,12,1,0.167198,1,1
1,1,22,12,1,0.182304,2,2
1,1,23,12,1,0.282402,0,0
1,1,24,12,1,0.216103,1,1
1,1,25,12,1,0.133102,2,2
1,1,26,12,1,0.065994,0,0
1,1,27,12,1,0.548996,1,1
1,1,28,12,1,0.1325,2,2
1,1,29,12,1,0.049599,0,1
1,1,30,12,1,8.249001,0,1
1,1,31,12,1,2.049896,0,2
1,1,32,12,1,1.715797,1,0
1,1,33,12,1,4.617195,2,1
1,1,34,12,1,1.0,2,2
1,1,35,12,1,0.599495,1,0
1,1,36,12,1,2.5989,0,1
1,1,37,12,1,0.350502,1,2
1,1,38,12,1,0.216301,1,0
1,1,39,12,1,0.333206,0,1
1,1,40,12,1,1.316101,2,2
1,1,41,12,1,5.167,0,0
1,1,42,12,1,0.181198,1,1
1,1,43,12,1,0.148193,1,2
1,1,44,12,1,1.650803,0,1
1,1,45,12,1,0.966812,0,1
1,1,46,12,1,0.266693,0,2
1,1,47,12,1,0.901001,0,1
1,1,48,12,1,0.599686,0,1
1,1,49,12,1,2.099106,2,2
1,1,50,12,1,0.3004,1,0
1,1,51,12,1,2.2995,1,1
1,1,52,12,1,0.215805,1,2
1,1,53,12,1,0.431793,1,0
1,1,54,12,1,0.633698,2,1
1,1,55,12,1,0.73259,1,2
1,1,56,12,1,0.4832,0,0
1,1,57,12,1,0.283203,1,1
1,1,58,12,1,1.282394,2,2
1,1,59,12,1,1.200806,0,0
1,1,60,12,1,0.250397,1,1
1,1,61,12,1,0.71579,1,2
1,1,62,12,1,0.249497,0,0
1,1,63,12,1,0.131699,1,1
1,1,64,12,1,0.2659,2,2
1,1,65,12,1,0.182694,0,0
1,1,66,12,1,0.232407,1,1
1,1,67,12,1,0.365906,2,2
1,1,68,12,1,0.083603,0,1
1,1,69,12,1,2.483795,1,1
1,1,70,12,1,0.283203,0,2
1,1,71,12,1,1.632095,0,0
1,1,72,12,1,0.182999,1,1
1,1,73,12,1,0.200089,1,2
1,1,74,12,1,0.567886,0,0
1,1,75,12,1,0.150101,1,1
1,1,76,12,1,0.815399,1,2
1,1,77,12,1,0.199814,0,0
1,1,78,12,1,0.134598,1,1
1,1,79,12,1,0.100006,1,2
1,1,80,12,1,0.08371,0,1
1,1,81,12,1,0.348999,0,1
1,1,82,12,1,0.899597,0,2
1,1,83,12,1,0.299088,0,0
1,1,84,12,1,0.717606,1,1
1,1,85,12,1,0.165802,1,2
1,1,86,12,1,0.866913,1,0
1,1,87,12,1,0.615311,1,1
1,1,88,12,1,1.033401,2,2
1,1,89,12,1,0.200501,0,0
1,1,90,12,1,0.215302,1,1
1,1,91,12,1,0.534195,2,2
1,1,92,12,1,0.147995,0,0
1,1,93,12,1,0.150803,1,1
1,1,94,12,1,0.149689,2,2
1,1,95,12,1,0.116486,0,0
1,1,96,12,1,0.133392,1,1
1,1,97,12,1,0.148789,2,2
1,1,98,12,1,0.1474,0,1
1,1,99,12,1,1.26619,0,1
1,1,100,12,1,0.733994,2,2
1,1,101,12,1,0.149399,0,1
1,1,102,12,1,0.449112,0,1
1,1,103,12,1,0.166596,0,2
1,1,104,12,1,0.398285,0,0
1,1,105,12,1,0.166504,1,1
1,1,106,12,1,0.383789,1,2
1,1,107,12,1,1.651276,1,0
1,1,108,12,1,0.400513,1,1
1,1,109,12,1,0.316498,1,2
1,1,110,12,1,0.400208,0,0
1,1,111,12,1,0.181976,1,1
1,1,112,12,1,0.847504,1,2
1,1,113,12,1,0.48291,1,0
1,1,114,12,1,0.03299,0,1
1,1,115,12,1,0.634308,1,2
1,1,116,12,1,0.201325,0,1
1,1,117,12,1,0.400482,0,1
1,1,118,12,1,0.601288,2,2
1,1,119,12,1,0.1987,0,1
1,1,120,12,1,0.300293,1,1
1,1,121,12,1,0.3349,0,2
1,1,122,12,1,0.283905,2,0
1,1,123,12,1,0.716583,0,1
1,1,124,12,1,0.151306,1,2
1,1,125,12,1,0.748413,2,0
1,1,126,12,1,0.433807,0,1
1,1,127,12,1,0.334198,1,2
1,1,128,12,1,0.082916,2,0
1,1,129,12,1,0.182617,0,1
1,1,130,12,1,0.300293,1,2
1,1,131,12,1,1.766205,2,1
1,1,132,12,1,2.616699,1,1
1,1,133,12,1,1.050903,2,2
1,1,134,12,1,0.98291,1,1
1,1,135,12,1,0.415009,0,1
1,1,136,12,1,1.165497,2,2
1,1,137,12,1,0.418121,1,0
1,1,138,12,1,1.949005,1,1
1,1,139,12,1,0.549011,1,2
1,1,140,12,1,1.467102,1,0
1,1,141,12,1,0.134277,1,1
1,1,142,12,1,0.617889,1,2
1,1,143,12,1,0.316101,0,1
1,1,144,12,1,1.583008,2,1
1,1,145,12,1,0.632324,1,2
1,1,146,12,1,0.416596,0,0
1,1,147,12,1,0.866516,2,1
1,1,148,12,1,1.233398,2,2
1,1,149,12,1,2.233398,1,1
1,1,150,12,1,0.334808,0,1
1,1,151,12,1,1.098694,0,2
1,1,152,12,1,0.6828,2,0
1,1,153,12,1,0.548187,0,1
1,1,154,12,1,0.633789,1,2
1,1,155,12,1,0.182098,1,0
1,1,156,12,1,0.63382,1,1
1,1,157,12,1,0.533386,1,2
1,1,158,12,1,0.965088,2,0
1,1,159,12,1,0.500885,0,1
1,1,160,12,1,1.218475,2,2
1,1,161,12,1,2.016907,1,0
1,1,162,12,1,0.097687,1,1
1,1,163,12,1,0.432221,1,2
1,1,164,12,1,0.532715,1,0
1,1,165,12,1,0.449219,1,1
1,1,166,12,1,0.200012,2,2
1,1,167,12,1,0.200714,0,0
1,1,168,12,1,0.134979,1,1
1,1,169,12,1,0.248322,2,2
1,1,170,12,1,0.249878,0,1
1,1,171,12,1,2.416504,2,1
1,1,172,12,1,0.867401,0,2
1,1,173,12,1,0.584412,0,1
1,1,174,12,1,0.316315,0,1
1,1,175,12,1,0.650116,2,2
1,1,176,12,1,0.750794,0,0
1,1,177,12,1,0.283325,1,1
1,1,178,12,1,0.69989,2,2
1,1,179,12,1,0.182983,0,0
1,1,180,12,1,0.097687,1,1
1,1,181,12,1,0.150208,2,2
1,1,182,12,1,0.117584,0,0
1,1,183,12,1,0.134399,1,1
1,1,184,12,1,0.118591,2,2
1,1,185,12,1,0.065704,0,1
1,1,186,12,1,2.300018,0,1
1,1,187,12,1,4.033295,2,2
1,1,188,12,1,0.915497,0,0
1,1,189,12,1,0.349518,1,1
1,1,190,12,1,1.217499,2,2
1,1,191,12,1,0.383026,1,1
1,1,192,12,1,1.85022,1,1
1,1,193,12,1,0.817596,2,2
1,1,194,12,1,1.000519,1,1
1,1,195,12,1,0.866486,1,1
1,1,196,12,1,1.24942,0,2
1,1,197,12,1,0.701111,2,0
1,1,198,12,1,1.749786,2,1
1,1,199,12,1,0.766693,2,2
1,1,200,12,1,2.484619,2,0
1,1,201,12,1,0.518005,2,1
1,1,202,12,1,0.30011,1,2
1,1,203,12,1,1.049683,1,0
1,1,204,12,1,0.165802,1,1
1,1,205,12,1,0.315796,2,2
1,1,206,12,1,1.549316,0,0
1,1,207,12,1,1.466705,1,1
1,1,208,12,1,1.349213,1,2
1,1,209,12,1,0.582703,2,0
1,1,210,12,1,0.634491,0,1
1,1,211,12,1,39.31616,0,2
1,1,212,12,1,0.184753,2,0
1,1,213,12,1,0.23291,1,1
1,1,214,12,1,0.73169,2,2
1,1,215,12,1,1.116455,0,0
1,1,216,12,1,2.365662,2,1
1,1,217,12,1,0.24939,1,2
1,1,218,12,1,1.39978,1,0
1,1,219,12,1,0.232788,0,1
1,1,220,12,1,19.10199,2,2
1,1,221,12,1,0.899902,1,0
1,1,222,12,1,0.565247,0,1
1,1,223,12,1,0.383667,2,2
1,1,224,12,1,0.583374,0,0
1,1,225,12,1,0.266724,1,1
1,1,226,12,1,0.367004,2,2
1,1,227,12,1,0.450134,0,1
1,1,228,12,1,1.266846,2,1
1,1,229,12,1,0.366577,2,2
1,1,230,12,1,0.183289,0,0
1,1,231,12,1,0.200073,1,1
1,1,232,12,1,3.916931,2,2
1,1,233,12,1,0.30127,0,0
1,1,234,12,1,0.633667,1,1
1,1,235,12,1,0.46582,2,2
1,1,236,12,1,1.200928,0,0
1,1,237,12,1,1.516602,2,1
1,1,238,12,1,0.650818,1,2
1,1,239,12,1,0.183106,0,0
1,1,240,12,1,0.55072,1,1
1,1,241,12,1,0.89978,2,2
1,1,242,12,1,0.232483,1,0
1,1,243,12,1,0.950073,1,1
1,1,244,12,1,0.133728,2,2
1,1,245,12,1,0.901489,0,0
1,1,246,12,1,0.132874,1,1
1,1,247,12,1,1.983521,2,2
1,1,248,12,1,0.183167,0,0
1,1,249,12,1,0.666321,1,1
1,1,250,12,1,0.720764,2,2
1,1,251,12,1,0.216797,0,0
1,1,252,12,1,1.866516,2,1
1,1,253,12,1,0.900391,2,2
1,1,254,12,1,0.200073,0,1
1,1,255,12,1,2.89978,0,1
1,1,256,12,1,1.28363,2,2
1,1,257,12,1,0.26593,0,0
1,1,258,12,1,0.233704,1,1
1,1,259,12,1,0.467102,2,2
1,1,260,12,1,0.117493,0,0
1,1,261,12,1,0.466309,1,1
1,1,262,12,1,0.466065,1,2
1,1,263,12,1,0.433106,0,0
1,1,264,12,1,1.416382,1,1
1,1,265,12,1,0.499146,2,2
1,1,266,12,1,0.268677,0,0
1,1,267,12,1,0.900085,1,1
1,1,268,12,1,1.116821,2,2
1,1,269,12,1,0.150085,0,0
1,1,270,12,1,0.183106,1,1
1,1,271,12,1,0.932373,2,2
1,1,272,12,1,0.216126,0,0
1,1,273,12,1,0.249695,1,1
1,1,274,12,1,0.631714,2,2
1,1,275,12,1,0.182678,0,1
1,1,276,12,1,0.833557,2,1
1,1,277,12,1,1.549805,2,2
1,1,278,12,1,0.199768,0,0
1,1,279,12,1,0.201599,2,1
1,1,280,12,1,2.298767,0,2
1,1,281,12,1,0.383301,0,0
1,1,282,12,1,0.183228,1,1
1,1,283,12,1,0.18335,1,2
1,1,284,12,1,0.151062,0,0
1,1,285,12,1,0.316223,1,1
1,1,286,12,1,2.05188,2,2
1,1,287,12,1,0.849609,0,1
1,1,288,12,1,1.616089,1,1
1,1,289,12,1,0.533264,2,2
1,1,290,12,1,0.266602,0,0
1,1,291,12,1,0.38324,1,1
1,1,292,12,1,0.967102,2,2
1,1,293,12,1,1.133301,0,0
1,1,294,12,1,0.600159,1,1
1,1,295,12,1,3.700256,1,2
1,1,296,12,1,0.583191,0,0
1,1,297,12,1,0.249878,1,1
1,1,298,12,1,2.384705,2,2
1,1,299,12,1,1.132813,1,1
1,1,300,12,1,0.483704,0,1
1,1,301,12,1,0.768127,2,2
1,1,302,12,1,0.200378,0,0
1,1,303,12,1,0.166687,1,1
1,1,304,12,1,0.816406,2,2
1,1,305,12,1,0.253113,0,0
1,1,306,12,1,0.565857,1,1
1,1,307,12,1,0.632568,2,2
1,1,308,12,1,1.049622,0,1
1,1,309,12,1,5.999329,1,1
1,1,310,12,1,0.50177,2,2
1,1,311,12,1,0.233337,0,0
1,1,312,12,1,0.383789,1,1
1,1,313,12,1,0.21582,2,2
1,1,314,12,1,2.249756,0,0
1,1,315,12,1,0.183716,1,1
1,1,316,12,1,0.150024,2,2
1,1,317,12,1,2.116333,0,0
1,1,318,12,1,0.266235,1,1
1,1,319,12,1,1.015869,2,2
1,1,320,12,1,2.884705,1,1
1,1,321,12,1,0.566406,1,1
1,1,322,12,1,0.432983,2,2
1,1,323,12,1,0.168701,0,1
1,1,324,12,1,1.951538,0,1
1,1,325,12,1,0.499085,0,2
1,1,326,12,1,0.450073,0,1
1,1,327,12,1,0.567139,1,1
1,1,328,12,1,0.382507,0,2
1,1,329,12,1,0.58374,0,0
1,1,330,12,1,0.234009,1,1
1,1,331,12,1,2.000061,1,2
1,1,332,12,1,0.149719,0,1
1,1,333,12,1,2.800476,0,1
1,1,334,12,1,0.411987,1,2
1,1,335,12,1,3.066101,2,0
1,1,336,12,1,0.799927,2,1
1,1,337,12,1,0.933594,2,2
1,1,338,12,1,1.199585,0,1
1,1,339,12,1,2.233643,0,1
1,1,340,12,1,0.715759,0,2
1,1,341,12,1,0.699768,0,0
1,1,342,12,1,0.615479,1,1
1,1,343,12,1,0.083496,2,2
1,1,344,12,1,0.149902,1,1
1,1,345,12,1,2.916809,1,1
1,1,346,12,1,0.566162,2,2
1,1,347,12,1,0.597656,0,0
1,1,348,12,1,0.71814,1,1
1,1,349,12,1,0.165894,2,2
1,1,350,12,1,0.900452,1,0
1,1,351,12,1,0.799927,1,1
1,1,352,12,1,0.282715,2,2
1,1,353,12,1,0.433838,0,1
1,1,354,12,1,1.2323,0,1
1,1,355,12,1,0.533081,0,2
1,1,356,12,1,0.449707,0,1
1,1,357,12,1,0.2323,0,1
1,1,358,12,1,0.716492,0,2
1,1,359,12,1,0.383423,0,0
1,1,360,12,1,1.266846,2,1
1,1,361,12,1,0.666748,2,2
1,1,362,12,1,0.766785,1,0
1,1,363,12,1,1.350525,1,1
1,1,364,12,1,0.182556,2,2
1,1,365,12,1,5.150085,0,0
1,1,366,12,1,1.950623,1,1
1,1,367,12,1,0.200012,2,2
1,1,368,12,1,1.516113,1,0
1,1,369,12,1,0.667664,1,1
1,1,370,12,1,0.117065,2,2
1,1,371,12,1,0.501526,0,0
1,1,372,12,1,0.165894,1,1
1,1,373,12,1,0.116394,2,2
1,1,374,12,1,0.065979,0,0
1,1,375,12,1,1.334229,0,1
1,1,376,12,1,1.983093,2,2
1,1,377,12,1,0.666748,0,0
1,1,378,12,1,0.183106,1,1
1,1,379,12,1,0.98291,2,2
1,1,380,12,1,0.999878,1,0
1,1,381,12,1,0.566223,1,1
1,1,382,12,1,0.347961,0,2
1,1,383,12,1,2.199707,1,1
1,1,384,12,1,0.849793,2,1
1,1,385,12,1,0.418152,0,2
1,1,386,12,1,0.433228,2,0
1,1,387,12,1,0.667175,0,1
1,1,388,12,1,1.683228,1,2
1,1,389,12,1,10.88342,2,1
1,1,390,12,1,0.382935,0,1
1,1,391,12,1,0.333435,0,2
1,1,392,12,1,0.433167,0,0
1,1,393,12,1,0.218079,2,1
1,1,394,12,1,0.800232,2,2
1,1,395,12,1,0.931519,1,0
1,1,396,12,1,2.783203,1,1
1,1,397,12,1,0.316528,0,2
1,1,398,12,1,0.717773,0,0
1,1,399,12,1,4.233154,2,1
1,1,400,12,1,1.16687,2,2
1,1,401,12,1,2.816162,1,0
1,1,402,12,1,1.233032,1,1
1,1,403,12,1,0.199097,0,2
1,1,404,12,1,0.816284,0,1
1,1,405,12,1,1.783691,2,1
1,1,406,12,1,0.632935,2,2
1,1,407,12,1,1.220947,0,0
1,1,408,12,1,0.117798,1,1
1,1,409,12,1,3.200073,1,2
1,1,410,12,1,1.085938,1,0
1,1,411,12,1,0.199707,1,1
1,1,412,12,1,3.165649,2,2
1,1,413,12,1,0.599854,0,0
1,1,414,12,1,0.348755,1,1
1,1,415,12,1,0.449463,2,2
1,1,416,12,1,0.716187,0,0
1,1,417,12,1,0.25,1,1
1,1,418,12,1,0.133057,2,2
1,1,419,12,1,0.699707,1,1
1,1,420,12,1,0.133667,0,1
1,1,421,12,1,0.966675,2,2
1,1,422,12,1,0.515503,0,0
1,1,423,12,1,0.166626,1,1
1,1,424,12,1,0.151001,2,2
1,1,425,12,1,0.218628,0,0
1,1,426,12,1,0.116455,1,1
1,1,427,12,1,0.166382,1,2
1,1,428,12,1,0.050415,0,0
1,1,429,12,1,0.716553,2,1
1,1,430,12,1,0.432983,1,2
1,1,431,12,1,0.166138,0,0
1,1,432,12,1,0.216797,2,1
1,1,433,12,1,2.766602,2,2
1,1,434,12,1,2.34729,0,1
1,1,435,12,1,0.900269,1,1
1,1,436,12,1,0.466675,2,2
1,1,437,12,1,0.131348,0,1
1,1,438,12,1,0.434082,0,1
1,1,439,12,1,0.816528,0,2
1,1,440,12,1,0.283325,0,0
1,1,441,12,1,0.449829,1,1
1,1,442,12,1,0.149414,1,2
1,1,443,12,1,0.667969,2,0
1,1,444,12,1,0.299927,0,1
1,1,445,12,1,1.266235,1,2
1,1,446,12,1,0.200195,2,1
1,1,447,12,1,0.366333,0,1
1,1,448,12,1,0.282837,0,2
1,1,449,12,1,0.316528,2,0
1,1,450,12,1,2.300537,2,1
1,1,451,12,1,1.033203,2,2
1,1,452,12,1,0.583252,1,0
1,1,453,12,1,0.61377,1,1
1,1,454,12,1,0.7677,2,2
1,1,455,12,1,5.550293,0,1
1,1,456,12,1,0.283814,1,1
1,1,457,12,1,0.200073,2,2
1,1,458,12,1,0.250122,0,1
1,1,459,12,1,0.632568,0,1
1,1,460,12,1,0.433106,2,2
1,1,461,12,1,0.20044,1,0
1,1,462,12,1,1.183594,1,1
1,1,463,12,1,0.499756,2,2
1,1,464,12,1,0.599609,1,0
1,1,465,12,1,1.033447,2,1
1,1,466,12,1,0.332886,1,2
1,1,467,12,1,0.049438,0,0
1,1,468,12,1,0.150024,1,1
1,1,469,12,1,0.216553,1,2
1,1,470,12,1,0.583496,0,0
1,1,471,12,1,2.749634,2,1
1,1,472,12,1,0.333618,2,2
1,1,473,12,1,0.233643,0,1
1,1,474,12,1,0.332398,1,1
1,1,475,12,1,0.750122,2,2
1,1,476,12,1,1.350586,0,0
1,1,477,12,1,2.466553,2,1
1,1,478,12,1,0.851807,1,2
1,1,479,12,1,0.633301,0,0
1,1,480,12,1,0.233521,2,1
1,1,481,12,1,0.300415,1,2
1,1,482,12,1,0.050293,0,1
1,1,483,12,1,0.534058,1,1
1,1,484,12,1,0.183106,2,2
1,1,485,12,1,0.666504,1,0
1,1,486,12,1,0.266357,1,1
1,1,487,12,1,0.216309,1,2
1,1,488,12,1,0.866455,1,1
1,1,489,12,1,0.166138,0,1
1,1,490,12,1,0.266602,2,2
1,1,491,12,1,0.149658,0,1
1,1,492,12,1,0.467041,0,1
1,1,493,12,1,1.083862,2,2
1,1,494,12,1,0.816895,1,1
1,1,495,12,1,0.233276,0,1
1,1,496,12,1,0.232666,1,2
1,1,497,12,1,0.499146,1,0
1,1,498,12,1,0.7323,2,1
1,1,499,12,1,0.266113,1,2
1,1,500,12,1,1.616333,1,0
1,1,501,12,1,0.666504,1,1
1,1,502,12,1,0.234375,2,2
1,1,503,12,1,0.183594,0,0
1,1,504,12,1,0.133789,1,1
1,1,505,12,1,0.833984,1,2
1,1,506,12,1,0.432983,0,0
1,1,507,12,1,0.183594,1,1
1,1,508,12,1,0.199829,2,2
1,1,509,12,1,0.166748,0,0
1,1,510,12,1,0.399292,1,1
1,1,511,12,1,0.233154,2,2
1,1,512,12,1,0.165405,0,0
1,1,513,12,1,0.250366,1,1
1,1,514,12,1,1.083252,2,2
1,1,515,12,1,0.232788,0,0
1,1,516,12,1,0.14917,1,1
1,1,517,12,1,0.216431,2,2
1,1,518,12,1,0.100464,0,0
1,1,519,12,1,0.098999,1,1
1,1,520,12,1,0.199341,2,2
1,1,521,12,1,0.166382,0,0
1,1,522,12,1,0.157959,1,1
1,1,523,12,1,0.099243,2,2
1,1,524,12,1,0.166382,0,0
1,1,525,12,1,0.016479,1,1
1,1,526,12,1,0.099854,2,2
1,1,527,12,1,0.71582,0,0
1,1,528,12,1,0.100098,1,1
1,1,529,12,1,0.133057,2,2
1,1,530,12,1,0.165772,0,1
1,1,531,12,1,1.616211,0,1
1,1,532,12,1,0.682617,2,2
1,1,533,12,1,0.16687,0,0
1,1,534,12,1,0.065552,1,1
1,1,535,12,1,2.816406,0,2
1,1,536,12,1,0.349731,0,0
1,1,537,12,1,0.116089,1,1
1,1,538,12,1,1.083252,2,2
1,1,539,12,1,0.116089,0,0
1,1,540,12,1,0.099976,2,1
1,1,541,12,1,0.382813,2,2
1,1,542,12,1,0.11438,0,0
1,1,543,12,1,0.483521,1,1
1,1,544,12,1,0.849854,2,2
1,1,545,12,1,2.599121,0,0
1,1,546,12,1,0.383301,1,1
1,1,547,12,1,0.233154,2,2
1,1,548,12,1,0.06665,0,0
1,1,549,12,1,0.049194,1,1
1,1,550,12,1,0.13269,2,2
1,1,551,12,1,0.016602,0,0
1,1,552,12,1,0.932983,1,1
1,1,553,12,1,0.283325,2,2
1,1,554,12,1,0.08313,0,0
1,1,555,12,1,0.14978,1,1
1,1,556,12,1,0.083374,2,2
1,1,557,12,1,0.166748,0,0
1,1,558,12,1,0.149658,1,1
1,1,559,12,1,0.18396,2,2
1,1,560,12,1,0.16626,0,1
1,1,561,12,1,3.616821,2,1
1,1,562,12,1,0.582764,2,2
1,1,563,12,1,0.349609,0,1
1,1,564,12,1,0.933106,2,1
1,1,565,12,1,0.366699,2,2
1,1,566,12,1,0.383301,0,0
1,1,567,12,1,0.081909,1,1
1,1,568,12,1,0.182373,2,2
1,1,569,12,1,0.083496,0,0
1,1,570,12,1,0.699829,1,1
1,1,571,12,1,0.517334,2,2
1,1,572,12,1,0.199951,0,0
1,1,573,12,1,0.133301,1,1
1,1,574,12,1,0.164185,2,2
1,1,575,12,1,0.21582,0,1
1,1,576,12,1,0.748779,1,1
1,1,577,12,1,0.24939,2,2
1,1,578,12,1,0.08313,0,0
1,1,579,12,1,0.166748,1,1
1,1,580,12,1,0.150391,2,2
1,1,581,12,1,0.08313,0,1
1,1,582,12,1,0.400391,1,1
1,1,583,12,1,0.13269,2,2
1,1,584,12,1,0.235474,0,0
1,1,585,12,1,0.983154,2,1
1,1,586,12,1,0.749512,1,2
1,1,587,12,1,1.383789,0,0
1,1,588,12,1,0.166504,1,1
1,1,589,12,1,0.100098,2,2
1,1,590,12,1,0.133301,0,0
1,1,591,12,1,0.383057,1,1
1,1,592,12,1,0.116699,2,2
1,1,593,12,1,0.116455,0,0
1,1,594,12,1,0.08313,1,1
1,1,595,12,1,0.116821,2,2
1,1,596,12,1,0.533081,0,0
1,1,597,12,1,0.866943,1,1
1,1,598,12,1,0.330689,2,2
1,1,599,12,1,0.599609,0,0
1,1,600,12,1,0.133545,1,1
1,1,601,12,1,0.366211,2,2
1,1,602,12,1,0.268677,0,0
1,1,603,12,1,4.716675,2,1
1,1,604,12,1,0.416626,2,2
1,1,605,12,1,0.21167,0,0
1,1,606,12,1,0.300293,1,1
1,1,607,12,1,0.433838,2,2
1,1,608,12,1,0.216431,0,1
1,1,609,12,1,0.183838,1,1
1,1,610,12,1,0.150513,2,2
1,1,611,12,1,0.133057,0,0
1,1,612,12,1,0.550049,1,1
1,1,613,12,1,0.61731,2,2
1,1,614,12,1,0.64917,0,1
1,1,615,12,1,0.365845,1,1
1,1,616,12,1,0.16626,2,2
1,1,617,12,1,0.199585,0,0
1,1,618,12,1,0.216675,2,1
1,1,619,12,1,0.399414,1,2
1,1,620,12,1,0.466675,0,0
1,1,621,12,1,0.167114,1,1
1,1,622,12,1,0.233521,1,2
1,1,623,12,1,0.466065,0,1
1,1,624,12,1,0.783814,1,1
1,1,625,12,1,0.200317,2,2
1,1,626,12,1,0.349365,0,0
1,1,627,12,1,0.26648,1,1
1,1,628,12,1,0.96582,2,2
1,1,629,12,1,0.201172,0,0
1,1,630,12,1,0.066284,1,1
1,1,631,12,1,0.215942,2,2
1,1,632,12,1,0.116699,0,1
1,1,633,12,1,0.333496,1,1
1,1,634,12,1,0.182495,2,2
1,1,635,12,1,0.231323,0,0
1,1,636,12,1,0.349365,2,1
1,1,637,12,1,1.266479,2,2
1,1,638,12,1,0.166138,0,0
1,1,639,12,1,0.183228,1,1
1,1,640,12,1,0.599731,2,2
1,1,641,12,1,0.567139,0,0
1,1,642,12,1,0.099609,1,1
1,1,643,12,1,6.683228,0,2
1,1,644,12,1,0.333374,0,0
1,1,645,12,1,0.183716,1,1
1,1,646,12,1,0.266235,2,2
1,1,647,12,1,0.182617,0,0
1,1,648,12,1,0.31543,1,1
1,1,649,12,1,0.099854,2,2
1,1,650,12,1,0.116821,0,0
1,1,651,12,1,0.166626,1,1
1,1,652,12,1,0.149902,2,2
1,1,653,12,1,0.200562,0,0
1,1,654,12,1,0.116455,1,1
1,1,655,12,1,0.049927,2,2
1,1,656,12,1,0.116821,0,0
1,1,657,12,1,0.183472,1,1
1,1,658,12,1,0.166748,2,2
1,1,659,12,1,0.235596,0,0
1,1,660,12,1,0.154175,1,1
1,1,661,12,1,0.282349,2,2
1,1,662,12,1,0.233032,0,0
1,1,663,12,1,0.149902,1,1
1,1,664,12,1,0.183594,2,2
1,1,665,12,1,0.14978,0,0
1,1,666,12,1,0.083984,1,1
1,1,667,12,1,0.199463,2,2
1,1,668,12,1,1.894531,2,0
1,1,669,12,1,1.783569,2,1
1,1,670,12,1,2.823242,2,2
1,1,671,12,1,2.438721,0,1
1,1,672,12,1,3.65271,2,1
1,1,673,12,1,3.627808,2,2
1,1,674,12,1,0.319214,1,1
1,1,675,12,1,0.078125,2,1
1,1,676,12,1,0.901123,1,2
1,1,677,12,1,0.156616,1,0
1,1,678,12,1,0.877686,2,1
1,1,679,12,1,0.419312,1,2
1,1,680,12,1,0.770508,2,0
1,1,681,12,1,1.058716,2,1
1,1,682,12,1,0.576294,0,2
1,1,683,12,1,0.864624,1,1
1,1,684,12,1,0.453491,1,1
1,1,685,12,1,0.195435,0,2
1,1,686,12,1,0.337524,0,1
1,1,687,12,1,2.474121,0,1
1,1,688,12,1,0.442017,2,2
1,1,689,12,1,0.618164,1,0
1,1,690,12,1,1.830688,1,1
1,1,691,12,1,0.140991,2,2
1,1,692,12,1,0.42749,1,0
1,1,693,12,1,1.656738,2,1
1,1,694,12,1,0.931274,2,2
1,1,695,12,1,2.194824,1,1
1,1,696,12,1,0.389893,1,1
1,1,697,12,1,0.47168,2,2
1,1,698,12,1,0.178101,0,0
1,1,699,12,1,2.14502,2,1
1,1,700,12,1,0.495239,2,2
1,1,701,12,1,0.283691,1,1
1,1,702,12,1,0.060181,1,1
1,1,703,12,1,0.196899,2,2
1,1,704,12,1,0.204102,0,0
1,1,705,12,1,2.324585,1,1
1,1,706,12,1,0.21936,2,2
1,1,707,12,1,0.217896,1,1
1,1,708,12,1,0.119629,1,1
1,1,709,12,1,0.120239,0,2
1,1,710,12,1,0.285156,0,0
1,1,711,12,1,0.954102,1,1
1,1,712,12,1,0.125122,2,2
1,1,713,12,1,0.352417,1,1
1,1,714,12,1,0.083252,1,1
1,1,715,12,1,0.105103,2,2
1,1,716,12,1,0.511719,0,1
1,1,717,12,1,0.608887,2,1
1,1,718,12,1,1.181519,0,2
1,1,719,12,1,0.221314,0,0
1,1,720,12,1,1.403809,1,1
1,1,721,12,1,0.182861,2,2
1,1,722,12,1,0.585693,1,0
1,1,723,12,1,1.019165,1,1
1,1,724,12,1,1.036011,1,2
1,1,725,12,1,0.248047,1,0
1,1,726,12,1,0.658447,2,1
1,1,727,12,1,0.426148,1,2
1,1,728,12,1,6.712524,2,0
1,1,729,12,1,10.01025,2,1
1,1,730,12,1,0.594605,1,2
1,1,731,12,1,0.268799,0,0
1,1,732,12,1,0.715332,1,1
1,1,733,12,1,0.852661,1,2
1,1,734,12,1,0.637085,1,1
1,1,735,12,1,0.863892,0,1
1,1,736,12,1,1.37854,2,2
1,1,737,12,1,0.102539,0,0
1,1,738,12,1,0.248047,1,1
1,1,739,12,1,0.374023,1,2
1,1,740,12,1,0.354004,1,0
1,1,741,12,1,2.248291,1,1
1,1,742,12,1,0.480713,2,2
1,1,743,12,1,0.123047,1,0
1,1,744,12,1,0.873535,1,1
1,1,745,12,1,0.693848,2,2
1,1,746,12,1,0.086426,0,0
1,1,747,12,1,0.249512,1,1
1,1,748,12,1,0.164551,2,2
1,1,749,12,1,0.122803,1,1
1,1,750,12,1,1.146484,1,1
1,1,751,12,1,0.439209,2,2
1,1,752,12,1,0.122315,0,1
1,1,753,12,1,1.92627,1,1
1,1,754,12,1,0.44165,2,2
1,1,755,12,1,0.717041,1,0
1,1,756,12,1,0.124023,1,1
1,1,757,12,1,0.189209,2,2
1,1,758,12,1,0.235107,0,0
1,1,759,12,1,0.253906,1,1
1,1,760,12,1,1.004639,2,2
1,1,761,12,1,0.190186,1,0
1,1,762,12,1,0.788574,1,1
1,1,763,12,1,0.148926,2,2
1,1,764,12,1,0.228272,0,0
1,1,765,12,1,0.286865,1,1
1,1,766,12,1,0.103027,2,2
1,1,767,12,1,0.181152,1,0
1,1,768,12,1,0.241943,1,1
1,1,769,12,1,0.240234,2,2
1,1,770,12,1,0.525635,0,1
1,1,771,12,1,0.237061,0,1
1,1,772,12,1,1.080811,2,2
1,1,773,12,1,0.084229,0,1
1,1,774,12,1,0.896973,1,1
1,1,775,12,1,0.201416,2,2
1,1,776,12,1,1.664063,1,0
1,1,777,12,1,0.143799,2,1
1,1,778,12,1,0.408203,2,2
1,1,779,12,1,0.537842,1,0
1,1,780,12,1,0.041748,2,1
1,1,781,12,1,0.284912,1,2
1,1,782,12,1,0.655273,0,0
1,1,783,12,1,0.573486,1,1
1,1,784,12,1,0.2229,2,2
1,1,785,12,1,0.063477,1,0
1,1,786,12,1,0.588379,1,1
1,1,787,12,1,0.153565,2,2
1,1,788,12,1,0.107178,0,0
1,1,789,12,1,0.155029,1,1
1,1,790,12,1,0.556152,0,2
1,1,791,12,1,1.824951,0,1
1,1,792,12,1,0.569824,0,1
1,1,793,12,1,0.718262,2,2
1,1,794,12,1,0.122803,0,0
1,1,795,12,1,3.0625,0,1
1,1,796,12,1,1.759277,1,2
1,1,797,12,1,0.044434,0,0
1,1,798,12,1,0.435547,1,1
1,1,799,12,1,1.239746,1,2
1,1,800,12,1,0.672607,0,1
1,1,801,12,1,0.825684,1,1
1,1,802,12,1,0.19043,2,2
1,1,803,12,1,0.12793,0,1
1,1,804,12,1,0.436768,1,1
1,1,805,12,1,0.192871,2,2
1,1,806,12,1,0.215088,0,0
1,1,807,12,1,0.151611,1,1
1,1,808,12,1,0.12915,2,2
1,1,809,12,1,0.582764,1,1
1,1,810,12,1,0.230225,1,1
1,1,811,12,1,0.259277,2,2
1,1,812,12,1,0.127197,0,0
1,1,813,12,1,0.237793,1,1
1,1,814,12,1,0.378174,2,2
1,1,815,12,1,0.108398,0,0
1,1,816,12,1,0.064453,1,1
1,1,817,12,1,1.403564,1,2
1,1,818,12,1,0.860107,1,1
1,1,819,12,1,0.179199,2,1
1,1,820,12,1,0.339844,2,2
1,1,821,12,1,0.084229,0,0
1,1,822,12,1,1.17041,1,1
1,1,823,12,1,0.109863,2,2
1,1,824,12,1,0.129883,1,0
1,1,825,12,1,0.046143,1,1
1,1,826,12,1,0.111572,1,2
1,1,827,12,1,0.167236,1,0
1,1,828,12,1,0.2146,1,1
1,1,829,12,1,5.220215,2,2
1,1,830,12,1,0.264648,0,1
1,1,831,12,1,0.332764,0,1
1,1,832,12,1,0.476563,2,2
1,1,833,12,1,0.087891,0,0
1,1,834,12,1,0.109619,1,1
1,1,835,12,1,0.796631,2,2
1,1,836,12,1,0.110107,1,0
1,1,837,12,1,0.406006,1,1
1,1,838,12,1,0.216065,2,2
1,1,839,12,1,0.216797,0,0
1,1,840,12,1,0.429688,1,1
1,1,841,12,1,0.468018,1,2
1,1,842,12,1,0.192383,1,0
1,1,843,12,1,0.21582,1,1
1,1,844,12,1,0.239502,1,2
1,1,845,12,1,0.148682,1,0
1,1,846,12,1,0.257324,2,1
1,1,847,12,1,0.57666,2,2
1,1,848,12,1,0.154541,0,0
1,1,849,12,1,0.174072,1,1
1,1,850,12,1,0.128418,1,2
1,1,851,12,1,1.010254,0,0
1,1,852,12,1,0.127441,1,1
1,1,853,12,1,0.333008,1,2
1,1,854,12,1,0.711426,0,0
1,1,855,12,1,0.145752,1,1
1,1,856,12,1,1.18457,2,2
1,1,857,12,1,0.249023,0,0
1,1,858,12,1,0.472656,1,1
1,1,859,12,1,0.808106,1,2
1,1,860,12,1,0.085938,0,1
1,1,861,12,1,0.641602,2,1
1,1,862,12,1,0.292481,1,2
1,1,863,12,1,0.729981,0,1
1,1,864,12,1,0.109375,1,1
1,1,865,12,1,0.133789,2,2
1,1,866,12,1,0.61792,1,0
1,1,867,12,1,0.202393,2,1
1,1,868,12,1,0.626465,0,2
1,1,869,12,1,0.379395,1,0
1,1,870,12,1,0.064209,2,1
1,1,871,12,1,2.160156,2,2
1,1,872,12,1,0.757813,1,1
1,1,873,12,1,0.125732,0,1
1,1,874,12,1,0.416016,2,2
1,1,875,12,1,0.212158,0,0
1,1,876,12,1,0.228516,1,1
1,1,877,12,1,0.166748,2,2
1,1,878,12,1,0.622315,1,0
1,1,879,12,1,2.027588,1,1
1,1,880,12,1,0.150147,2,2
1,1,881,12,1,0.665283,1,0
1,1,882,12,1,1.068848,2,1
1,1,883,12,1,0.833008,2,2
1,1,884,12,1,0.326904,1,1
1,1,885,12,1,1.197754,0,1
1,1,886,12,1,0.821533,2,2
1,1,887,12,1,0.478272,0,0
1,1,888,12,1,0.236328,1,1
1,1,889,12,1,0.168945,2,2
1,1,890,12,1,0.172852,1,0
1,1,891,12,1,0.774414,2,1
1,1,892,12,1,4.153809,2,2
1,1,893,12,1,0.86792,1,1
1,1,894,12,1,0.16919,2,1
1,1,895,12,1,1.452637,0,2
1,1,896,12,1,0.253906,0,0
1,1,897,12,1,0.199707,1,1
1,1,898,12,1,0.169678,2,2
1,1,899,12,1,0.275879,1,0
1,1,900,12,1,0.212647,2,1
1,1,901,12,1,0.697022,2,2
1,1,902,12,1,0.210205,1,0
1,1,903,12,1,0.234375,2,1
1,1,904,12,1,0.360596,2,2
1,1,905,12,1,0.99292,1,1
1,1,906,12,1,0.173828,0,1
1,1,907,12,1,0.724121,0,2
1,1,908,12,1,0.178711,0,1
1,1,909,12,1,0.110107,0,1
1,1,910,12,1,0.35791,0,2
1,1,911,12,1,1.548096,1,0
1,1,912,12,1,0.044189,1,1
1,1,913,12,1,0.283691,2,2
1,1,914,12,1,0.111816,1,0
1,1,915,12,1,0.414063,1,1
1,1,916,12,1,0.174561,2,2
1,1,917,12,1,0.595703,0,0
1,1,918,12,1,0.172363,1,1
1,1,919,12,1,0.17627,2,2
1,1,920,12,1,0.224854,1,0
1,1,921,12,1,0.111572,1,1
1,1,922,12,1,0.796631,2,2
1,1,923,12,1,0.223389,0,1
1,1,924,12,1,0.727295,1,1
1,1,925,12,1,0.158203,1,2
1,1,926,12,1,0.57251,1,1
1,1,927,12,1,0.220947,1,1
1,1,928,12,1,0.202393,2,2
1,1,929,12,1,1.34375,1,0
1,1,930,12,1,0.174805,1,1
1,1,931,12,1,0.225586,2,2
1,1,932,12,1,0.201416,1,0
1,1,933,12,1,1.292236,1,1
1,1,934,12,1,0.180908,2,2
1,1,935,12,1,0.114258,1,0
1,1,936,12,1,0.443604,1,1
1,1,937,12,1,0.591553,1,2
1,1,938,12,1,2.603027,0,0
1,1,939,12,1,0.267822,1,1
1,1,940,12,1,0.444092,1,2
1,1,941,12,1,0.583252,1,0
1,1,942,12,1,0.025391,1,1
1,1,943,12,1,0.208252,2,2
1,1,944,12,1,0.174805,0,1
1,1,945,12,1,0.767578,2,1
1,1,946,12,1,0.427002,2,2
1,1,947,12,1,0.20044,0,1
1,1,948,12,1,1.634766,2,1
1,1,949,12,1,0.916016,0,2
1,1,950,12,1,0.265625,0,0
1,1,951,12,1,1.281494,2,1
1,1,952,12,1,0.310303,1,2
1,1,953,12,1,0.155029,1,0
1,1,954,12,1,0.858154,2,1
1,1,955,12,1,0.974121,2,2
1,1,956,12,1,0.326416,1,0
1,1,957,12,1,0.906494,1,1
1,1,958,12,1,0.260498,1,2
1,1,959,12,1,1.132568,1,0
1,1,960,12,1,1.14917,1,1
1,1,961,12,1,0.373535,2,2
1,1,962,12,1,0.468506,1,1
1,1,963,12,1,0.350342,2,1
1,1,964,12,1,0.455078,1,2
1,1,965,12,1,0.375244,0,1
1,1,966,12,1,0.423584,1,1
1,1,967,12,1,0.2229,2,2
1,1,968,12,1,0.13208,0,1
1,1,969,12,1,0.443848,1,1
1,1,970,12,1,0.178467,2,2
1,1,971,12,1,0.933106,1,0
1,1,972,12,1,1.138184,1,1
1,1,973,12,1,8.714111,1,2
1,1,974,12,1,2.675781,2,0
1,1,975,12,1,0.656738,1,1
1,1,976,12,1,0.754639,1,2
1,1,977,12,1,0.619141,2,0
1,1,978,12,1,1.552246,1,1
1,1,979,12,1,0.600342,2,2
1,1,980,12,1,9.75,1,0
1,1,981,12,1,0.111328,1,1
1,1,982,12,1,0.337158,2,2
1,1,983,12,1,1.355469,1,0
1,1,984,12,1,1.113281,1,1
1,1,985,12,1,0.449951,1,2
1,1,986,12,1,0.379395,1,1
1,1,987,12,1,0.884522,2,1
1,1,988,12,1,1.385986,0,2
1,1,989,12,1,0.723145,2,0
1,1,990,12,1,1.542969,1,1
1,1,991,12,1,0.188965,2,2
1,1,992,12,1,1.642578,1,0
1,1,993,12,1,0.048096,2,1
1,1,994,12,1,2.045166,2,2
1,1,995,12,1,0.999268,0,0
1,1,996,12,1,0.178955,1,1
1,1,997,12,1,0.185059,2,2
1,1,998,12,1,0.291016,1,0
1,1,999,12,1,0.27417,1,1
1,1,1000,12,1,0.135742,2,2
