move,waitedResult,optionChosen,movementTime,pauseTime,timeRunning
1,0,2,3.088608,0.000000,3.128403
2,1,2,4.024597,0.000000,8.700394
3,2,0,2.315704,0.000000,12.545000
4,1,0,2.795288,0.000000,16.889500
5,1,0,2.038605,0.000000,20.649000
6,2,2,2.327408,0.000000,24.718400
7,0,1,6.522995,0.000000,33.043290
8,1,0,2.551392,0.000000,37.645690
9,2,0,1.524094,0.000000,40.877590
10,0,0,1.739502,0.000000,44.138290
11,1,1,3.790298,0.000000,49.527500
12,2,0,3.559799,0.000000,54.656800
13,0,0,1.704803,0.000000,58.095000
14,1,2,3.628479,0.000000,63.504990
15,2,2,1.454193,0.000000,66.649890
16,0,0,6.357605,0.000000,74.786910
17,1,1,3.187286,0.000000,79.867690
18,2,1,6.417114,0.000000,87.837510
19,0,0,2.866608,0.000000,92.519000
20,1,2,5.453308,0.000000,99.762010
21,2,0,3.006195,0.000000,104.450000
22,0,0,3.798706,0.000000,110.021200
23,1,1,2.156128,0.000000,113.956700
24,2,2,2.971893,0.000000,118.645000
25,1,0,3.364410,0.000000,123.647300
26,1,0,2.644592,0.000000,127.841700
27,2,0,3.250580,0.000000,132.842100
28,0,0,2.565491,0.000000,137.149400
29,1,2,2.802795,0.000000,141.689600
30,2,2,1.975983,0.000000,145.406100
31,1,1,3.941376,0.000000,151.195800
32,1,1,1.818787,0.000000,154.718100
33,2,2,2.820099,0.000000,159.141100
34,0,1,3.722992,0.000000,164.456900
35,1,1,3.042786,0.000000,169.332600
36,2,2,3.013214,0.000000,174.069600
37,0,0,3.460907,0.000000,179.296400
38,1,1,1.160706,0.000000,182.321400
39,2,1,1.183380,0.000000,185.261600
40,0,1,1.790314,0.000000,189.113000
41,1,1,0.903198,0.000000,191.949600
42,2,1,2.593597,0.000000,196.139600
43,0,0,2.166077,0.000000,200.122500
44,1,1,1.215088,0.000000,202.956500
45,2,0,2.677795,0.000000,207.292400
46,0,1,2.333801,0.000000,211.297400
47,1,1,0.782684,0.000000,214.085300
48,2,2,3.608521,0.000000,219.472700
49,0,0,4.569672,0.000000,225.821200
50,1,1,1.429993,0.000000,228.992200
51,2,1,2.619995,0.000000,233.211200
52,0,1,1.787598,0.000000,236.812800
53,1,1,0.451996,0.000000,239.086900
54,2,0,1.889282,0.000000,242.573700
55,0,1,1.410400,0.000000,245.739700
56,1,1,0.822784,0.000000,248.557800
57,2,0,2.914703,0.000000,253.224800
58,0,0,1.980286,0.000000,256.957300
59,1,1,1.122498,0.000000,259.925100
60,2,1,1.744690,0.000000,263.516500
61,0,0,2.869995,0.000000,268.408500
62,1,2,3.239502,0.000000,273.347000
63,2,0,1.720886,0.000000,276.649500
64,0,1,0.945984,0.000000,279.135400
65,1,1,0.536408,0.000000,281.455000
66,2,2,2.919128,0.000000,286.023900
67,0,0,3.696686,0.000000,291.596000
68,1,2,2.999878,0.000000,296.353700
69,2,2,3.001709,0.000000,301.065100
70,0,0,1.737823,0.000000,304.643900
71,1,1,1.492004,0.000000,307.900000
72,2,0,2.741180,0.000000,312.329100
73,0,0,1.248901,0.000000,315.072200
74,1,1,1.786621,0.000000,318.499500
75,2,2,2.137390,0.000000,322.198300
76,0,1,2.659973,0.000000,326.717600
77,1,1,0.913635,0.000000,329.582300
78,2,2,3.846802,0.000000,335.162600
79,0,0,2.554993,0.000000,339.482800
80,1,1,4.754700,0.000000,345.980600
81,2,0,3.372559,0.000000,351.087900
82,0,0,1.017395,0.000000,353.668100
83,1,1,2.222351,0.000000,357.502700
84,2,2,1.337524,0.000000,360.426500
85,1,0,2.202698,0.000000,364.341200
86,1,0,1.038269,0.000000,367.142700
87,2,0,0.619141,0.000000,369.505400
88,0,0,0.714294,0.000000,371.967800
89,1,2,2.684082,0.000000,376.440200
90,2,1,0.695435,0.000000,378.882300
91,0,1,0.459778,0.000000,381.295900
92,1,1,0.451355,0.000000,383.772300
93,2,1,2.081970,0.000000,387.628300
94,1,1,0.898865,0.000000,390.333500
95,1,0,1.568787,0.000000,393.451600
96,2,0,0.530457,0.000000,395.531500
97,1,0,0.486389,0.000000,397.557200
98,1,0,0.668579,0.000000,399.781000
99,2,1,0.665649,0.000000,402.108900
100,0,1,1.391602,0.000000,405.517500
101,1,1,1.989380,0.000000,409.476700
102,2,2,1.889221,0.000000,413.129200
103,0,0,4.623352,0.000000,419.618600
104,1,2,1.991699,0.000000,423.344900
105,2,1,2.626770,0.000000,427.662700
106,1,0,1.063293,0.000000,430.500100
107,1,2,1.455505,0.000000,433.505000
108,2,2,1.052368,0.000000,436.116400
109,0,0,3.795898,0.000000,441.582000
110,1,1,1.340332,0.000000,444.719700
111,2,2,2.231934,0.000000,448.740700
112,1,1,2.686035,0.000000,453.199300
113,1,0,2.117493,0.000000,457.091800
114,2,0,1.010010,0.000000,459.762300
115,0,0,0.629883,0.000000,462.063700
116,1,1,1.893555,0.000000,465.553300
117,2,1,1.052307,0.000000,468.155300
118,0,1,0.224060,0.000000,470.154300
119,1,0,0.116394,0.000000,472.032000
120,2,1,3.280579,0.000000,476.844600
121,1,1,0.474915,0.000000,479.333100
122,1,0,1.648315,0.000000,482.754500
123,2,0,0.728516,0.000000,485.229300
124,0,0,0.708740,0.000000,487.654800
125,1,2,0.720825,0.000000,490.205800
126,2,0,1.050720,0.000000,493.016600
127,0,0,0.924255,0.000000,495.663100
128,1,1,1.169861,0.000000,498.570800
129,2,1,0.797852,0.000000,501.085400
130,0,1,0.111755,0.000000,503.112800
131,1,1,0.590820,0.000000,505.495100
132,2,2,2.311462,0.000000,509.362500
133,1,0,1.919434,0.000000,512.874000
134,1,0,0.401245,0.000000,514.798800
135,2,0,0.944092,0.000000,517.475600
136,1,0,0.562927,0.000000,519.774800
137,1,0,0.342407,0.000000,521.829700
138,2,0,0.348999,0.000000,523.942100
139,0,0,0.343140,0.000000,526.039700
140,1,0,1.790894,0.000000,529.690000
141,2,1,1.658386,0.000000,533.122500
142,0,1,0.582581,0.000000,535.689400
143,1,1,0.352478,0.000000,538.033800
144,2,2,0.922607,0.000000,540.722800
145,0,2,0.934570,0.000000,543.524100
146,1,2,0.789978,0.000000,545.832400
147,2,2,0.955994,0.000000,548.358700
148,0,1,0.809509,0.000000,550.779400
149,1,1,0.494202,0.000000,553.104300
150,2,0,6.412598,0.000000,561.065400
151,1,0,2.094910,0.000000,564.907400
152,1,0,1.303345,0.000000,567.979700
153,2,0,0.587891,0.000000,570.356000
154,0,1,2.598389,0.000000,574.706600
155,1,1,0.815430,0.000000,577.557600
156,2,2,2.889771,0.000000,582.195500
157,0,2,2.193359,0.000000,586.122200
158,1,2,2.201721,0.000000,589.870700
159,2,1,0.939575,0.000000,592.352400
160,1,1,1.403198,0.000000,595.560800
161,1,2,2.921570,0.000000,600.111200
162,2,1,0.945496,0.000000,602.766900
163,1,0,1.526489,0.000000,606.257300
164,1,0,1.042419,0.000000,609.056500
165,2,0,1.053162,0.000000,611.871400
166,0,0,0.936646,0.000000,614.497400
167,1,2,1.871277,0.000000,618.159100
168,2,1,1.638367,0.000000,621.580400
169,1,2,2.128113,0.000000,625.661200
170,1,2,1.426392,0.000000,628.659100
171,2,0,2.105591,0.000000,632.308700
172,1,1,1.419495,0.000000,635.281000
173,1,1,0.899597,0.000000,637.841400
174,2,1,1.178894,0.000000,640.743700
175,0,1,0.604431,0.000000,643.304900
176,1,1,0.694702,0.000000,645.985100
177,2,2,0.828796,0.000000,648.659300
178,0,0,1.036194,0.000000,651.560400
179,1,1,1.140625,0.000000,654.486600
180,2,1,0.678833,0.000000,656.908900
181,0,1,0.810059,0.000000,659.708200
182,1,1,0.208191,0.000000,661.934100
183,2,1,0.684631,0.000000,664.183500
184,0,1,3.092834,0.000000,669.070100
185,1,1,0.169922,0.000000,671.058100
186,2,2,0.805298,0.000000,673.406100
187,0,0,1.477234,0.000000,676.522800
188,1,1,0.692322,0.000000,678.939000
189,2,1,0.819702,0.000000,681.473700
190,0,1,0.239502,0.000000,683.714300
191,1,1,1.155579,0.000000,686.883800
192,2,2,1.048950,0.000000,689.636300
193,0,0,3.344360,0.000000,694.813300
194,1,1,3.833435,0.000000,700.484700
195,2,1,3.308655,0.000000,705.356700
196,0,1,0.810242,0.000000,707.976100
197,1,1,1.203308,0.000000,711.009200
198,2,0,1.684998,0.000000,714.246100
199,1,2,1.895203,0.000000,717.908000
200,1,1,1.441772,0.000000,721.020500
201,2,2,2.446106,0.000000,725.259200
202,0,0,1.004822,0.000000,728.152000
203,1,2,2.780273,0.000000,732.719900
204,2,2,1.670105,0.000000,736.167500
205,1,1,1.548340,0.000000,739.465300
206,1,2,2.497498,0.000000,743.550300
207,2,0,1.628662,0.000000,746.720600
208,0,0,1.899475,0.000000,750.150100
209,1,2,2.420105,0.000000,754.427100
210,2,2,0.823914,0.000000,757.031100
211,0,1,2.747864,0.000000,761.540900
212,1,1,0.566895,0.000000,764.102000
213,2,0,1.376282,0.000000,767.219000
214,0,0,0.719605,0.000000,769.800900
215,1,2,2.228699,0.000000,773.876900
216,2,1,1.247986,0.000000,776.858900
217,0,1,1.809998,0.000000,780.496100
218,1,1,0.530273,0.000000,782.862600
219,2,2,2.057556,0.000000,786.513800
220,0,0,4.121765,0.000000,792.283100
221,1,1,1.744385,0.000000,795.791700
222,2,2,0.915466,0.000000,798.434100
223,0,1,2.324585,0.000000,802.535500
224,1,1,0.688599,0.000000,805.163800
225,2,0,1.201477,0.000000,808.114000
226,1,0,1.283630,0.000000,811.174600
227,1,0,0.815613,0.000000,813.730100
228,2,0,0.467651,0.000000,815.891200
229,1,0,1.074219,0.000000,818.542400
230,1,0,0.516419,0.000000,820.608200
231,2,0,1.057739,0.000000,823.193700
232,1,0,0.636047,0.000000,825.374600
233,1,0,0.601807,0.000000,827.481600
234,2,1,0.708252,0.000000,829.910800
235,1,1,0.250855,0.000000,832.116900
236,1,0,2.165527,0.000000,836.014300
237,2,0,0.588623,0.000000,838.355500
238,0,1,0.812378,0.000000,840.918100
239,1,0,1.317871,0.000000,844.172900
240,2,1,0.471802,0.000000,846.343900
241,1,2,1.063843,0.000000,849.414300
242,1,2,1.479858,0.000000,852.643300
243,2,2,0.616821,0.000000,854.981200
244,0,0,1.643555,0.000000,858.237400
245,1,1,1.741089,0.000000,861.585000
246,2,1,0.723511,0.000000,863.891600
247,0,1,0.323975,0.000000,866.007600
248,1,1,0.338257,0.000000,868.145500
249,2,2,1.576538,0.000000,871.498200
250,0,2,0.670166,0.000000,873.948100
251,1,2,0.555908,0.000000,876.288300
252,2,2,0.558350,0.000000,878.620000
253,1,1,0.690796,0.000000,881.052700
254,1,1,0.851807,0.000000,883.673500
255,2,2,1.047119,0.000000,886.458400
256,0,2,1.387695,0.000000,889.687100
257,1,2,0.547241,0.000000,891.930500
258,2,2,0.696289,0.000000,894.179600
259,0,1,0.745728,0.000000,896.523200
260,1,2,0.405762,0.000000,898.737400
261,2,2,0.314087,0.000000,900.629800
262,1,1,0.687256,0.000000,902.943500
263,1,1,0.558472,0.000000,905.369600
264,2,1,0.562988,0.000000,907.815700
265,0,2,0.225464,0.000000,910.158900
266,1,1,2.567017,0.000000,914.502100
267,2,1,0.892578,0.000000,917.172700
268,0,2,1.557007,0.000000,920.731600
269,1,2,1.136963,0.000000,923.642600
270,2,2,0.901856,0.000000,926.221900
271,0,1,0.804810,0.000000,928.753700
272,1,1,0.455933,0.000000,931.020500
273,2,1,1.409546,0.000000,933.973300
274,0,1,0.150513,0.000000,935.937300
275,1,1,0.053589,0.000000,937.787400
276,2,1,1.643677,0.000000,941.034700
277,1,2,0.669190,0.000000,943.701700
278,1,1,0.465820,0.000000,945.889300
279,2,0,1.886108,0.000000,949.515300
280,0,0,0.460571,0.000000,951.736900
281,1,1,1.275269,0.000000,954.769900
282,2,2,0.920898,0.000000,957.410600
283,0,1,0.790527,0.000000,960.042500
284,1,1,0.243408,0.000000,962.281400
285,2,0,0.483765,0.000000,964.530000
286,1,0,0.307373,0.000000,966.594100
287,1,0,0.260864,0.000000,968.380900
288,2,1,0.309937,0.000000,970.259200
289,0,0,0.587402,0.000000,972.597800
290,1,2,0.280151,0.000000,974.476600
291,2,1,0.512940,0.000000,976.526700
292,0,1,0.059204,0.000000,978.374600
293,1,1,0.339722,0.000000,980.621000
294,2,2,2.956665,0.000000,985.387200
295,0,2,0.573731,0.000000,987.727500
296,1,1,0.601318,0.000000,990.060700
297,2,0,3.028198,0.000000,994.831100
298,1,1,0.687256,0.000000,997.231200
299,1,1,1.020264,0.000000,1000.050000
300,2,2,0.468140,0.000000,1002.333000
301,0,1,1.409912,0.000000,1005.604000
302,1,1,2.169678,0.000000,1009.548000
303,2,1,0.929321,0.000000,1012.057000
304,0,2,0.543579,0.000000,1014.347000
305,1,2,0.632324,0.000000,1016.529000
306,2,2,0.576416,0.000000,1018.777000
307,0,0,1.171143,0.000000,1021.721000
308,1,1,1.202637,0.000000,1024.680000
309,2,1,0.690064,0.000000,1027.136000
310,1,1,2.156982,0.000000,1031.251000
311,1,2,0.595581,0.000000,1033.620000
312,2,0,0.933838,0.000000,1036.286000
313,0,0,0.687256,0.000000,1038.681000
314,1,1,1.399658,0.000000,1041.842000
315,2,1,0.813721,0.000000,1044.395000
316,0,0,1.462280,0.000000,1047.640000
317,1,1,0.837524,0.000000,1050.097000
318,2,1,2.529297,0.000000,1054.233000
319,0,1,0.111816,0.000000,1056.142000
320,1,1,1.450073,0.000000,1059.412000
321,2,2,1.337402,0.000000,1062.524000
322,0,0,1.781860,0.000000,1066.076000
323,1,2,1.676636,0.000000,1069.535000
324,2,1,0.555786,0.000000,1071.862000
325,0,1,0.889893,0.000000,1074.754000
326,1,2,0.780029,0.000000,1077.651000
327,2,2,1.004150,0.000000,1080.333000
328,0,0,1.948730,0.000000,1084.006000
329,1,1,1.805786,0.000000,1087.403000
330,2,1,1.005005,0.000000,1089.998000
331,1,1,1.341187,0.000000,1093.136000
332,1,1,0.890381,0.000000,1095.645000
333,2,2,2.886108,0.000000,1100.307000
334,0,1,2.916138,0.000000,1105.000000
335,1,1,3.973022,0.000000,1230.956000
336,2,2,1.177002,0.000000,1233.864000
337,1,0,2.695068,0.000000,1238.406000
338,1,0,0.603760,0.000000,1240.552000
339,2,0,0.908325,0.000000,1243.009000
340,0,1,0.710327,0.000000,1245.267000
341,1,1,0.693604,0.000000,1247.807000
342,2,2,1.118652,0.000000,1250.705000
343,1,1,4.785645,0.000000,1257.385000
344,1,2,3.683960,0.000000,1262.843000
345,2,0,2.118164,0.000000,1266.846000
346,0,0,0.891113,0.000000,1269.397000
347,1,1,1.389771,0.000000,1272.562000
348,2,1,1.351074,0.000000,1275.502000
349,0,1,0.052979,0.000000,1277.360000
350,1,2,0.349976,0.000000,1279.504000
351,2,2,0.558228,0.000000,1281.627000
352,0,1,2.833008,0.000000,1286.064000
353,1,2,0.667114,0.000000,1288.732000
354,2,2,0.670410,0.000000,1291.090000
355,0,0,1.337524,0.000000,1294.204000
356,1,1,0.889526,0.000000,1296.873000
357,2,1,0.666748,0.000000,1299.325000
358,0,1,1.004517,0.000000,1302.339000
359,1,1,0.558228,0.000000,1305.004000
360,2,2,2.165039,0.000000,1309.048000
361,1,0,1.051636,0.000000,1311.701000
362,1,0,0.301270,0.000000,1313.544000
363,2,0,0.304199,0.000000,1315.392000
364,1,0,0.354004,0.000000,1317.297000
365,1,0,0.976074,0.000000,1319.796000
366,2,0,0.265381,0.000000,1321.621000
367,0,0,0.672119,0.000000,1323.909000
368,1,1,1.674805,0.000000,1327.365000
369,2,1,1.666382,0.000000,1330.817000
370,1,1,0.444702,0.000000,1333.271000
371,1,1,0.669312,0.000000,1335.727000
372,2,2,1.635132,0.000000,1339.082000
373,0,0,1.257813,0.000000,1342.109000
374,1,1,4.559204,0.000000,1348.507000
375,2,2,1.689819,0.000000,1351.758000
376,0,0,3.259033,0.000000,1356.620000
377,1,1,1.461304,0.000000,1359.704000
378,2,1,0.811279,0.000000,1362.264000
379,1,1,0.821167,0.000000,1365.053000
380,1,1,0.828857,0.000000,1367.664000
381,2,0,2.885376,0.000000,1372.276000
382,1,0,0.940064,0.000000,1374.940000
383,1,1,0.582153,0.000000,1377.257000
384,2,0,0.820923,0.000000,1379.829000
385,0,0,1.040161,0.000000,1382.598000
386,1,2,1.489136,0.000000,1385.853000
387,2,2,0.735107,0.000000,1388.125000
388,0,1,0.860107,0.000000,1390.605000
389,1,1,0.279419,0.000000,1392.668000
390,2,1,0.814209,0.000000,1395.058000
391,0,1,0.265991,0.000000,1397.088000
392,1,1,0.130615,0.000000,1399.175000
393,2,1,1.865234,0.000000,1402.793000
394,1,1,0.347290,0.000000,1405.103000
395,1,2,0.705689,0.000000,1407.526000
396,2,2,0.490723,0.000000,1409.781000
397,1,0,1.761108,0.000000,1413.392000
398,1,1,0.902466,0.000000,1416.009000
399,2,0,0.611084,0.000000,1418.369000
400,0,0,0.689819,0.000000,1420.788000
401,1,2,3.043335,0.000000,1425.588000
402,2,1,1.224365,0.000000,1428.355000
403,0,1,1.324585,0.000000,1431.490000
404,1,1,1.243042,0.000000,1434.540000
405,2,1,0.917481,0.000000,1437.075000
406,0,1,0.114502,0.000000,1439.199000
407,1,1,1.450073,0.000000,1442.651000
408,2,2,0.779419,0.000000,1445.202000
409,1,0,2.678101,0.000000,1449.660000
410,1,0,0.558106,0.000000,1451.888000
411,2,0,0.448120,0.000000,1454.117000
412,0,0,0.997070,0.000000,1456.895000
413,1,2,1.861572,0.000000,1460.538000
414,2,2,0.499878,0.000000,1462.576000
415,0,0,0.849976,0.000000,1465.036000
416,1,2,0.556030,0.000000,1467.202000
417,2,0,1.260620,0.000000,1470.046000
418,0,0,0.595581,0.000000,1472.193000
419,1,1,1.119629,0.000000,1475.091000
420,2,2,0.359009,0.000000,1477.248000
421,0,0,1.384888,0.000000,1480.480000
422,1,2,0.945679,0.000000,1483.146000
423,2,2,0.352417,0.000000,1485.235000
424,0,1,0.586792,0.000000,1487.662000
425,1,1,0.118042,0.000000,1489.748000
426,2,0,1.498047,0.000000,1492.962000
427,0,0,0.462280,0.000000,1495.154000
428,1,2,0.466065,0.000000,1497.452000
429,2,2,0.170898,0.000000,1499.346000
430,0,1,0.373535,0.000000,1501.332000
431,1,1,0.210327,0.000000,1503.298000
432,2,0,1.056030,0.000000,1505.927000
433,0,0,0.523804,0.000000,1507.976000
434,1,1,0.589844,0.000000,1510.219000
435,2,1,0.691650,0.000000,1512.581000
436,1,1,1.011841,0.000000,1515.582000
437,1,0,1.118408,0.000000,1518.479000
438,2,0,0.337647,0.000000,1520.588000
439,0,0,0.557373,0.000000,1522.811000
440,1,1,0.782593,0.000000,1525.375000
441,2,1,0.562744,0.000000,1527.824000
442,1,1,1.229126,0.000000,1531.057000
443,1,2,1.006104,0.000000,1533.842000
444,2,2,0.251953,0.000000,1535.759000
445,1,1,2.255981,0.000000,1539.617000
446,1,1,1.393066,0.000000,1542.581000
447,2,0,1.197021,0.000000,1545.301000
448,0,0,0.940796,0.000000,1547.771000
449,1,1,1.157837,0.000000,1550.671000
450,2,1,1.245361,0.000000,1553.647000
451,0,1,0.369629,0.000000,1555.973000
452,1,1,1.508667,0.000000,1559.473000
453,2,2,0.919922,0.000000,1562.134000
454,0,1,2.933960,0.000000,1566.933000
455,1,1,0.596680,0.000000,1569.506000
456,2,2,1.654907,0.000000,1572.886000
457,1,0,0.475586,0.000000,1574.988000
458,1,0,0.320923,0.000000,1576.857000
459,2,0,0.268189,0.000000,1578.654000
460,1,0,0.380005,0.000000,1580.600000
461,1,0,0.216553,0.000000,1582.362000
462,2,0,0.179077,0.000000,1584.136000
463,0,0,0.251099,0.000000,1586.014000
464,1,1,1.413696,0.000000,1589.179000
465,2,1,0.800171,0.000000,1591.696000
466,0,1,0.129517,0.000000,1593.812000
467,1,1,1.412720,0.000000,1597.192000
468,2,2,3.552246,0.000000,1602.488000
469,0,1,3.446289,0.000000,1607.704000
470,1,1,0.351440,0.000000,1610.047000
471,2,2,0.907837,0.000000,1612.654000
472,0,0,0.602417,0.000000,1614.860000
473,1,1,1.507935,0.000000,1617.977000
474,2,1,2.606934,0.000000,1622.138000
475,0,1,0.670410,0.000000,1624.603000
476,1,1,0.447754,0.000000,1627.065000
477,2,2,1.557007,0.000000,1630.395000
478,0,0,0.781860,0.000000,1632.953000
479,1,1,1.959961,0.000000,1636.715000
480,2,1,1.540039,0.000000,1640.022000
481,0,1,0.698120,0.000000,1642.705000
482,1,1,0.248657,0.000000,1644.934000
483,2,2,0.832764,0.000000,1647.543000
484,0,0,0.907349,0.000000,1650.225000
485,1,1,0.727417,0.000000,1652.573000
486,2,2,0.905151,0.000000,1655.062000
487,1,0,0.798950,0.000000,1657.426000
488,1,0,0.286133,0.000000,1659.215000
489,2,1,0.293213,0.000000,1661.049000
490,1,0,0.579956,0.000000,1663.506000
491,1,0,0.935669,0.000000,1666.201000
492,2,0,0.706055,0.000000,1668.654000
493,0,0,0.690796,0.000000,1671.097000
494,1,1,0.569946,0.000000,1673.410000
495,2,1,0.589111,0.000000,1675.734000
496,1,1,0.227417,0.000000,1677.905000
497,1,2,1.319580,0.000000,1680.941000
498,2,0,2.424438,0.000000,1685.112000
499,1,0,1.227173,0.000000,1688.042000
500,1,0,0.591187,0.000000,1690.210000
501,2,1,1.212891,0.000000,1692.996000
502,1,1,0.930420,0.000000,1695.724000
503,1,0,1.823242,0.000000,1699.160000
504,2,0,1.635498,0.000000,1702.395000
505,1,2,0.778442,0.000000,1704.860000
506,1,0,0.559815,0.000000,1707.192000
507,2,2,0.338013,0.000000,1709.310000
508,0,0,0.561035,0.000000,1711.759000
509,1,1,1.003784,0.000000,1714.553000
510,2,1,0.672730,0.000000,1716.998000
511,0,1,0.450806,0.000000,1719.472000
512,1,1,0.118286,0.000000,1721.562000
513,2,1,1.146973,0.000000,1724.478000
514,0,1,2.790527,0.000000,1729.102000
515,1,1,0.174072,0.000000,1731.124000
516,2,2,1.164795,0.000000,1733.882000
517,0,0,1.465210,0.000000,1736.952000
518,1,1,1.182983,0.000000,1739.849000
519,2,2,2.083496,0.000000,1743.698000
520,0,0,0.814819,0.000000,1746.355000
521,1,1,0.707398,0.000000,1748.826000
522,2,2,0.933106,0.000000,1751.506000
523,0,0,0.698120,0.000000,1754.037000
524,1,1,0.571777,0.000000,1756.359000
525,2,2,0.688843,0.000000,1758.779000
526,0,0,0.597290,0.000000,1761.209000
527,1,1,0.750244,0.000000,1763.725000
528,2,2,0.425049,0.000000,1765.724000
529,0,0,0.328980,0.000000,1767.670000
530,1,1,0.535278,0.000000,1769.755000
531,2,2,0.486206,0.000000,1771.793000
532,0,1,0.477539,0.000000,1773.866000
533,1,1,1.253540,0.000000,1776.871000
534,2,2,0.947754,0.000000,1779.529000
535,1,0,0.820923,0.000000,1782.084000
536,1,0,2.555664,0.000000,1786.479000
537,2,0,2.657349,0.000000,1790.903000
538,0,0,1.738403,0.000000,1794.425000
539,1,2,1.368164,0.000000,1797.561000
540,2,1,0.911987,0.000000,1800.265000
541,0,0,1.809692,0.000000,1804.040000
542,1,1,0.785889,0.000000,1806.444000
543,2,2,0.440308,0.000000,1808.410000
544,1,0,0.395386,0.000000,1810.471000
545,1,0,1.020630,0.000000,1813.013000
546,2,0,0.717407,0.000000,1815.266000
547,0,1,1.486816,0.000000,1818.472000
548,1,1,3.416870,0.000000,1823.833000
549,2,1,1.398071,0.000000,1827.027000
550,0,1,0.931763,0.000000,1829.932000
551,1,1,1.407959,0.000000,1833.326000
552,2,1,1.082153,0.000000,1836.145000
553,0,1,2.059082,0.000000,1840.195000
554,1,1,0.568481,0.000000,1842.575000
555,2,2,1.093506,0.000000,1845.237000
556,0,0,0.719849,0.000000,1847.564000
557,1,1,0.618408,0.000000,1849.779000
558,2,2,0.759766,0.000000,1852.117000
559,1,0,0.580078,0.000000,1854.398000
560,1,0,1.638428,0.000000,1857.762000
561,2,0,2.281738,0.000000,1861.776000
562,0,0,1.560791,0.000000,1864.997000
563,1,2,2.113037,0.000000,1868.897000
564,2,2,1.445801,0.000000,1872.121000
565,0,0,1.916992,0.000000,1875.833000
566,1,1,0.685059,0.000000,1878.332000
567,2,1,0.687012,0.000000,1880.592000
568,0,1,0.160400,0.000000,1882.550000
569,1,1,0.168701,0.000000,1884.521000
570,2,1,0.844482,0.000000,1886.918000
571,0,1,0.056885,0.000000,1888.756000
572,1,1,0.128418,0.000000,1890.706000
573,2,2,0.687988,0.000000,1893.131000
574,0,1,1.172607,0.000000,1896.111000
575,1,1,0.256592,0.000000,1898.353000
576,2,1,1.386963,0.000000,1901.440000
577,0,1,0.352539,0.000000,1903.797000
578,1,1,0.125732,0.000000,1905.931000
579,2,2,0.824219,0.000000,1908.504000
580,0,0,0.673828,0.000000,1911.019000
581,1,1,0.708740,0.000000,1913.560000
582,2,2,0.482422,0.000000,1915.754000
583,0,0,0.519531,0.000000,1917.899000
584,1,1,0.479981,0.000000,1920.006000
585,2,2,0.331787,0.000000,1921.899000
586,1,0,0.801514,0.000000,1924.316000
587,1,1,1.002686,0.000000,1926.915000
588,2,0,1.043213,0.000000,1929.631000
589,0,1,3.377930,0.000000,1934.738000
590,1,1,0.486328,0.000000,1937.231000
591,2,2,0.724609,0.000000,1939.723000
592,0,0,1.514160,0.000000,1943.091000
593,1,1,1.431641,0.000000,1946.359000
594,2,2,0.919434,0.000000,1949.032000
595,0,1,0.930664,0.000000,1951.805000
596,1,1,1.792236,0.000000,1955.604000
597,2,1,0.974365,0.000000,1958.135000
598,0,0,2.247070,0.000000,1962.183000
599,1,1,3.077393,0.000000,1966.884000
600,2,2,1.486328,0.000000,1970.083000
601,0,1,1.991943,0.000000,1973.833000
602,1,1,0.579590,0.000000,1976.402000
603,2,2,0.822266,0.000000,1978.995000
604,0,0,2.446533,0.000000,1983.299000
605,1,1,1.005859,0.000000,1986.086000
606,2,2,0.781250,0.000000,1988.646000
607,0,1,0.778809,0.000000,1991.205000
608,1,1,1.493164,0.000000,1994.563000
609,2,2,1.312012,0.000000,1997.430000
610,0,1,0.764404,0.000000,1999.803000
611,1,1,0.635010,0.000000,2002.276000
612,2,2,0.960693,0.000000,2004.858000
613,0,0,0.667481,0.000000,2007.312000
614,1,1,1.671143,0.000000,2010.751000
615,2,2,0.684815,0.000000,2013.210000
616,0,1,0.714600,0.000000,2015.683000
617,1,1,1.642334,0.000000,2019.307000
618,2,2,1.044189,0.000000,2022.089000
619,0,0,2.118652,0.000000,2025.956000
620,1,1,0.939941,0.000000,2028.631000
621,2,2,0.680176,0.000000,2031.019000
622,0,0,0.800781,0.000000,2033.411000
623,1,1,0.785400,0.000000,2035.821000
624,2,2,0.319580,0.000000,2037.728000
625,0,0,1.022949,0.000000,2040.384000
626,1,1,0.915039,0.000000,2042.870000
627,2,2,0.713623,0.000000,2045.313000
628,1,0,1.843994,0.000000,2048.922000
629,1,1,0.583252,0.000000,2051.267000
630,2,0,0.697510,0.000000,2053.686000
631,0,1,1.728271,0.000000,2057.185000
632,1,1,0.357666,0.000000,2059.506000
633,2,1,0.586914,0.000000,2061.825000
634,1,1,0.243897,0.000000,2064.041000
635,1,0,2.145264,0.000000,2067.962000
636,2,0,1.114014,0.000000,2070.765000
637,0,0,0.616943,0.000000,2072.955000
638,1,1,1.319336,0.000000,2075.875000
639,2,2,0.504639,0.000000,2077.999000
640,0,0,0.846436,0.000000,2080.447000
641,1,1,0.723389,0.000000,2082.826000
642,2,2,0.839111,0.000000,2085.428000
643,1,0,1.372070,0.000000,2088.595000
644,1,1,0.806641,0.000000,2091.116000
645,2,0,1.178955,0.000000,2094.044000
646,0,0,1.297119,0.000000,2097.086000
647,1,2,2.384033,0.000000,2101.267000
648,2,2,1.167969,0.000000,2104.177000
649,0,0,1.827881,0.000000,2107.764000
650,1,1,0.739502,0.000000,2110.088000
651,2,1,1.595215,0.000000,2113.241000
652,0,0,0.764160,0.000000,2115.821000
653,1,1,0.646484,0.000000,2118.057000
654,2,2,0.754395,0.000000,2120.392000
655,0,0,1.381348,0.000000,2123.524000
656,1,1,0.918945,0.000000,2126.193000
657,2,2,0.943604,0.000000,2128.859000
658,0,0,1.112305,0.000000,2131.747000
659,1,1,1.565186,0.000000,2135.099000
660,2,2,0.671143,0.000000,2137.550000
661,0,0,0.558106,0.000000,2140.005000
662,1,1,0.779053,0.000000,2142.561000
663,2,2,0.607178,0.000000,2144.882000
664,0,0,4.021973,0.000000,2150.509000
665,1,1,0.534424,0.000000,2152.658000
666,2,2,0.510254,0.000000,2154.800000
667,1,0,3.070801,0.000000,2159.533000
668,1,1,0.453125,0.000000,2161.680000
669,2,1,3.892822,0.000000,2280.834000
670,0,1,0.225830,0.000000,2283.070000
671,1,1,0.449707,0.000000,2285.546000
672,2,1,1.232910,0.000000,2288.570000
673,0,1,0.451172,0.000000,2291.030000
674,1,1,1.215820,0.000000,2294.106000
675,2,2,0.603027,0.000000,2296.271000
676,1,0,1.312988,0.000000,2299.197000
677,1,1,1.066650,0.000000,2301.827000
678,2,2,1.358398,0.000000,2304.797000
679,0,0,1.340820,0.000000,2307.916000
680,1,1,2.802002,0.000000,2312.505000
681,2,2,0.791992,0.000000,2315.085000
682,0,0,0.889404,0.000000,2317.752000
683,1,1,0.900879,0.000000,2320.435000
684,2,2,0.901123,0.000000,2323.113000
685,0,0,1.225342,0.000000,2326.140000
686,1,1,0.906006,0.000000,2328.746000
687,2,2,0.858887,0.000000,2331.166000
688,0,0,0.807129,0.000000,2333.588000
689,1,1,0.759277,0.000000,2335.956000
690,2,2,0.559082,0.000000,2338.089000
691,0,0,1.002686,0.000000,2340.698000
692,1,1,1.004883,0.000000,2343.430000
693,2,2,0.699951,0.000000,2345.839000
694,1,0,0.597656,0.000000,2348.190000
695,1,1,0.936035,0.000000,2350.871000
696,2,2,1.521729,0.000000,2354.111000
697,0,0,1.063721,0.000000,2357.033000
698,1,1,0.938477,0.000000,2359.805000
699,2,2,0.587647,0.000000,2362.163000
700,0,0,0.819580,0.000000,2364.808000
701,1,1,0.693604,0.000000,2367.252000
702,2,2,0.475586,0.000000,2369.325000
703,0,0,0.523682,0.000000,2371.446000
704,1,1,0.386719,0.000000,2373.467000
705,2,2,0.510986,0.000000,2375.545000
706,1,1,0.650879,0.000000,2377.823000
707,1,1,0.789795,0.000000,2380.207000
708,2,2,1.158936,0.000000,2383.117000
709,0,0,3.117920,0.000000,2388.104000
710,1,1,1.510498,0.000000,2391.352000
711,2,2,0.572022,0.000000,2393.694000
712,0,0,1.205811,0.000000,2396.705000
713,1,1,0.955811,0.000000,2399.469000
714,2,2,0.720459,0.000000,2401.927000
715,0,0,0.584473,0.000000,2404.347000
716,1,1,0.507080,0.000000,2406.447000
717,2,2,0.692627,0.000000,2408.687000
718,0,0,1.731445,0.000000,2412.026000
719,1,1,0.640869,0.000000,2414.262000
720,2,2,1.013184,0.000000,2416.819000
721,0,0,1.057617,0.000000,2419.731000
722,1,1,0.954590,0.000000,2422.418000
723,2,2,0.688477,0.000000,2424.875000
724,0,0,0.617432,0.000000,2427.316000
725,1,1,0.810791,0.000000,2429.986000
726,2,2,0.825928,0.000000,2432.534000
727,1,0,1.075195,0.000000,2435.385000
728,1,1,1.799805,0.000000,2438.915000
729,2,2,1.426758,0.000000,2442.056000
730,0,0,0.631348,0.000000,2444.338000
731,1,1,0.535889,0.000000,2446.516000
732,2,2,0.544190,0.000000,2448.631000
733,1,0,0.670166,0.000000,2450.961000
734,1,1,0.991455,0.000000,2453.487000
735,2,2,0.456299,0.000000,2455.701000
736,1,0,1.486328,0.000000,2459.002000
737,1,1,1.343506,0.000000,2462.084000
738,2,2,0.780273,0.000000,2464.654000
739,0,0,1.231445,0.000000,2467.658000
740,1,1,1.013184,0.000000,2470.457000
741,2,2,0.784424,0.000000,2473.024000
742,0,0,0.779785,0.000000,2475.586000
743,1,1,0.957031,0.000000,2478.376000
744,2,2,1.110596,0.000000,2481.041000
745,0,0,1.016357,0.000000,2483.666000
746,1,1,0.506836,0.000000,2485.786000
747,2,2,0.470947,0.000000,2487.844000
748,0,0,1.690918,0.000000,2491.175000
749,1,1,0.788574,0.000000,2493.754000
750,2,2,0.449219,0.000000,2495.980000
751,0,0,1.451416,0.000000,2499.323000
752,1,1,0.787109,0.000000,2501.898000
753,2,2,0.562988,0.000000,2504.250000
754,0,0,2.787598,0.000000,2508.819000
755,1,1,0.562012,0.000000,2511.265000
756,2,2,0.447022,0.000000,2513.490000
757,0,0,3.917725,0.000000,2519.124000
758,1,1,3.373535,0.000000,2524.112000
759,2,2,0.696289,0.000000,2526.369000
760,0,0,4.025879,0.000000,2532.013000
761,1,1,2.245361,0.000000,2536.050000
762,2,2,0.584717,0.000000,2538.368000
763,0,0,1.633057,0.000000,2541.847000
764,1,1,0.807861,0.000000,2544.434000
765,2,2,0.584229,0.000000,2546.770000
766,1,0,4.380127,0.000000,2553.015000
767,1,1,1.361816,0.000000,2555.914000
768,2,2,0.897949,0.000000,2558.417000
769,0,0,1.809814,0.000000,2561.876000
770,1,1,1.490479,0.000000,2564.981000
771,2,2,0.812256,0.000000,2567.628000
772,0,0,1.754883,0.000000,2571.136000
773,1,1,2.384766,0.000000,2575.373000
774,2,2,0.710938,0.000000,2577.856000
775,0,0,1.508057,0.000000,2581.123000
776,1,1,0.924072,0.000000,2583.881000
777,2,2,0.463379,0.000000,2586.069000
778,1,0,1.535889,0.000000,2589.354000
779,1,1,0.319092,0.000000,2591.363000
780,2,2,0.696289,0.000000,2593.666000
781,1,0,0.741699,0.000000,2596.050000
782,1,2,0.927490,0.000000,2598.514000
783,2,2,0.645996,0.000000,2600.713000
784,0,0,2.255615,0.000000,2604.594000
785,1,1,9.616699,0.000000,2616.072000
786,2,2,0.335693,0.000000,2618.333000
787,0,0,2.897461,0.000000,2623.117000
788,1,1,0.562012,0.000000,2625.466000
789,2,2,0.356690,0.000000,2627.500000
790,0,1,0.406738,0.000000,2629.522000
791,1,1,1.015869,0.000000,2632.358000
792,2,2,0.356201,0.000000,2634.268000
793,0,0,2.485352,0.000000,2638.396000
794,1,1,1.004395,0.000000,2641.075000
795,2,2,0.559326,0.000000,2643.408000
796,0,0,0.675049,0.000000,2645.865000
797,1,1,1.002441,0.000000,2648.645000
798,2,2,0.559082,0.000000,2650.982000
799,0,0,0.561523,0.000000,2653.323000
800,1,1,1.454102,0.000000,2656.548000
801,2,2,0.668457,0.000000,2659.009000
802,0,0,1.232910,0.000000,2662.028000
803,1,1,0.650879,0.000000,2664.513000
804,2,2,0.555908,0.000000,2666.628000
805,0,0,0.859375,0.000000,2669.096000
806,1,1,1.030273,0.000000,2671.732000
807,2,2,0.618408,0.000000,2673.924000
808,1,0,0.964844,0.000000,2676.527000
809,1,1,0.669922,0.000000,2678.887000
810,2,2,0.670654,0.000000,2681.449000
811,0,0,2.228516,0.000000,2685.566000
812,1,1,0.781494,0.000000,2688.131000
813,2,2,0.588135,0.000000,2690.434000
814,0,0,0.809570,0.000000,2693.086000
815,1,1,1.416748,0.000000,2696.259000
816,2,2,1.284180,0.000000,2699.317000
817,0,0,2.797119,0.000000,2703.868000
818,1,1,1.059570,0.000000,2706.530000
819,2,2,0.532715,0.000000,2708.665000
820,0,0,1.064697,0.000000,2711.368000
821,1,1,1.022705,0.000000,2713.995000
822,2,2,0.808594,0.000000,2716.433000
823,0,0,0.575195,0.000000,2718.832000
824,1,1,0.593994,0.000000,2721.251000
825,2,2,0.464844,0.000000,2723.442000
826,0,0,0.473633,0.000000,2725.766000
827,1,1,0.818359,0.000000,2728.349000
828,2,2,0.585938,0.000000,2730.652000
829,0,0,1.062988,0.000000,2733.565000
830,1,1,0.364502,0.000000,2735.782000
831,2,2,0.710693,0.000000,2738.249000
832,0,0,1.210938,0.000000,2741.252000
833,1,1,0.433106,0.000000,2743.290000
834,2,2,0.329102,0.000000,2745.234000
835,0,0,2.078369,0.000000,2748.915000
836,1,1,0.593750,0.000000,2751.087000
837,2,2,0.230957,0.000000,2752.852000
838,1,0,1.378418,0.000000,2755.923000
839,1,1,1.786133,0.000000,2759.409000
840,2,2,0.671387,0.000000,2761.972000
841,1,1,2.011719,0.000000,2765.765000
842,1,2,2.340088,0.000000,2769.995000
843,2,2,1.635742,0.000000,2773.352000
844,0,0,0.705322,0.000000,2775.809000
845,1,1,0.701416,0.000000,2778.302000
846,2,2,0.674316,0.000000,2780.674000
847,0,0,1.207031,0.000000,2783.524000
848,1,1,0.829834,0.000000,2785.978000
849,2,2,0.332275,0.000000,2787.878000
850,0,0,0.520508,0.000000,2790.076000
851,1,1,0.423096,0.000000,2792.167000
852,2,2,0.128418,0.000000,2794.147000
853,0,0,0.577881,0.000000,2796.580000
854,1,1,0.476807,0.000000,2798.870000
855,2,2,0.114990,0.000000,2800.721000
856,0,0,0.347168,0.000000,2802.947000
857,1,1,0.698486,0.000000,2805.392000
858,2,2,0.118408,0.000000,2807.282000
859,0,0,0.466309,0.000000,2809.594000
860,1,1,0.354736,0.000000,2811.683000
861,2,2,0.121826,0.000000,2813.562000
862,0,0,0.374756,0.000000,2815.796000
863,1,1,0.424805,0.000000,2817.966000
864,2,2,0.266602,0.000000,2819.823000
865,1,0,0.523438,0.000000,2821.969000
866,1,1,0.600586,0.000000,2824.093000
867,2,2,1.428223,0.000000,2827.132000
868,1,0,1.987549,0.000000,2830.739000
869,1,0,0.580811,0.000000,2833.087000
870,2,0,0.475342,0.000000,2835.355000
871,1,0,0.575195,0.000000,2837.660000
872,1,0,0.692139,0.000000,2840.113000
873,2,0,0.580566,0.000000,2842.382000
874,1,0,1.172119,0.000000,2845.274000
875,1,0,0.689209,0.000000,2847.693000
876,2,0,1.633545,0.000000,2851.068000
877,0,1,1.664063,0.000000,2854.452000
878,1,1,1.348389,0.000000,2857.726000
879,2,2,0.381836,0.000000,2859.699000
880,1,0,0.941895,0.000000,2862.282000
881,1,1,1.272461,0.000000,2865.059000
882,2,2,2.322998,0.000000,2868.970000
883,0,0,1.051514,0.000000,2871.842000
884,1,1,0.820801,0.000000,2874.520000
885,2,2,0.577148,0.000000,2876.846000
886,0,0,0.813232,0.000000,2879.507000
887,1,1,0.710938,0.000000,2881.975000
888,2,2,0.560303,0.000000,2884.258000
889,0,0,0.686279,0.000000,2886.712000
890,1,1,0.478760,0.000000,2888.930000
891,2,2,0.350586,0.000000,2891.061000
892,0,0,0.116455,0.000000,2892.996000
893,1,1,0.371582,0.000000,2895.066000
894,2,2,0.159180,0.000000,2896.825000
895,0,0,0.493408,0.000000,2898.938000
896,1,1,0.172852,0.000000,2900.724000
897,2,2,7.025879,0.000000,2909.316000
898,0,0,0.787842,0.000000,2911.940000
899,1,1,0.786621,0.000000,2914.624000
900,2,2,0.448731,0.000000,2916.850000
901,0,0,0.556397,0.000000,2919.195000
902,1,1,0.449951,0.000000,2921.429000
903,2,2,0.595459,0.000000,2923.808000
904,0,0,0.468262,0.000000,2926.025000
905,1,1,0.369141,0.000000,2928.256000
906,2,2,4.271729,0.000000,2934.250000
907,1,0,0.732666,0.000000,2936.579000
908,1,1,0.640381,0.000000,2938.764000
909,2,2,1.500732,0.000000,2941.821000
910,0,0,1.368896,0.000000,2944.767000
911,1,1,0.589111,0.000000,2947.136000
912,2,2,0.694824,0.000000,2949.578000
913,1,0,1.033936,0.000000,2952.455000
914,1,1,2.063965,0.000000,2956.285000
915,2,2,0.703369,0.000000,2958.747000
916,0,0,2.566406,0.000000,2963.162000
917,1,1,0.709473,0.000000,2965.727000
918,2,2,0.802490,0.000000,2968.246000
919,0,0,0.989746,0.000000,2970.982000
920,1,1,0.587158,0.000000,2973.171000
921,2,2,0.488281,0.000000,2975.262000
922,0,0,0.975342,0.000000,2977.852000
923,1,1,0.397949,0.000000,2979.849000
924,2,2,0.288574,0.000000,2981.692000
925,0,0,1.948975,0.000000,2985.340000
926,1,1,0.467529,0.000000,2987.585000
927,2,2,0.346924,0.000000,2989.664000
928,0,0,0.699463,0.000000,2992.186000
929,1,1,0.364258,0.000000,2994.300000
930,2,2,0.118897,0.000000,2996.218000
931,1,0,0.233887,0.000000,2998.297000
932,1,1,0.465576,0.000000,3000.477000
933,2,2,0.377930,0.000000,3002.591000
934,1,0,0.811523,0.000000,3005.238000
935,1,1,0.462158,0.000000,3007.458000
936,2,2,0.272217,0.000000,3009.469000
937,0,0,0.690430,0.000000,3011.807000
938,1,1,0.906738,0.000000,3014.292000
939,2,2,0.314453,0.000000,3016.210000
940,0,0,6.734131,0.000000,3024.549000
941,1,1,0.693604,0.000000,3026.998000
942,2,2,0.339600,0.000000,3029.147000
943,0,0,0.577148,0.000000,3031.563000
944,1,1,0.559326,0.000000,3033.941000
945,2,2,0.559326,0.000000,3036.390000
946,0,0,0.893799,0.000000,3039.060000
947,1,1,0.677246,0.000000,3041.623000
948,2,2,0.449463,0.000000,3043.850000
949,0,0,0.303711,0.000000,3045.867000
950,1,1,0.353516,0.000000,3047.831000
951,2,2,0.252686,0.000000,3049.637000
952,0,0,0.403809,0.000000,3051.649000
953,1,1,0.257324,0.000000,3053.528000
954,2,2,0.208740,0.000000,3055.324000
955,0,1,0.321777,0.000000,3057.270000
956,1,1,0.818115,0.000000,3059.911000
957,2,2,0.694092,0.000000,3062.360000
958,1,0,1.178223,0.000000,3065.368000
959,1,1,0.353760,0.000000,3067.469000
960,2,2,0.454346,0.000000,3069.668000
961,0,0,0.941406,0.000000,3072.394000
962,1,1,0.596924,0.000000,3074.731000
963,2,2,1.402100,0.000000,3077.903000
964,1,0,3.562744,0.000000,3083.304000
965,1,1,0.629150,0.000000,3085.488000
966,2,2,0.361084,0.000000,3087.448000
967,0,0,0.701660,0.000000,3089.777000
968,1,1,0.607178,0.000000,3091.944000
969,2,2,0.355957,0.000000,3093.909000
970,0,0,1.589844,0.000000,3097.087000
971,1,1,1.055908,0.000000,3099.904000
972,2,2,0.126953,0.000000,3101.815000
973,0,0,0.928467,0.000000,3104.605000
974,1,1,0.689941,0.000000,3107.035000
975,2,2,1.872803,0.000000,3110.652000
976,1,0,0.693604,0.000000,3113.223000
977,1,1,0.692139,0.000000,3115.649000
978,2,0,0.339844,0.000000,3117.709000
979,1,0,2.807617,0.000000,3122.246000
980,1,1,0.632813,0.000000,3124.408000
981,2,2,0.482178,0.000000,3126.433000
982,0,0,0.957031,0.000000,3129.038000
983,1,1,3.879150,0.000000,3134.557000
984,2,2,0.926514,0.000000,3137.227000
985,0,0,0.468750,0.000000,3139.642000
986,1,1,0.494141,0.000000,3141.904000
987,2,2,0.592773,0.000000,3144.241000
988,0,0,0.942871,0.000000,3146.949000
989,1,1,0.489258,0.000000,3149.290000
990,2,2,0.351807,0.000000,3151.385000
991,0,0,0.348389,0.000000,3153.566000
992,1,1,0.459229,0.000000,3155.762000
993,2,2,0.259766,0.000000,3157.746000
994,0,0,1.140625,0.000000,3160.521000
995,1,1,0.363037,0.000000,3162.521000
996,2,2,0.168945,0.000000,3164.251000
997,0,0,0.213379,0.000000,3166.094000
998,1,1,0.208984,0.000000,3167.908000
999,2,2,1.166504,0.000000,3170.635000
1000,0,0,0.556152,0.000000,3172.965000
