1,1,1,1,12,10,6.8992,0,0,6.909607,24.0
1,1,2,1,12,10,12.3983,1,1,20.7442,24.0
1,1,3,1,12,10,2.616196,0,2,24.7775,24.0
1,1,4,1,12,10,4.199493,1,0,30.3604,24.0
1,1,5,1,12,10,6.4991,2,1,38.50931,24.0
1,1,6,1,12,10,2.816299,2,2,42.72551,24.0
1,1,7,1,12,10,2.365891,0,0,46.5414,24.0
1,1,8,1,12,10,2.099701,1,1,50.0914,24.0
1,1,9,1,12,10,2.549393,2,2,54.0578,24.0
1,1,10,1,12,10,1.982407,0,0,57.4902,24.0
1,1,11,1,12,10,1.266098,1,1,60.2068,24.0
1,1,12,1,12,10,1.116302,2,2,62.74001,24.0
1,1,13,1,12,10,2.566513,0,0,66.75641,24.0
1,1,14,1,12,10,1.716202,1,1,69.9223,24.0
1,1,15,1,12,10,0.717789,2,2,72.0571,24.0
1,1,16,1,12,10,1.065811,0,0,74.57161,24.0
1,1,17,1,12,10,0.915604,1,1,76.938,24.0
1,1,18,1,12,10,1.016296,2,2,79.3717,24.0
1,1,19,1,12,10,0.516495,0,0,81.338,24.0
1,1,20,1,12,10,0.483398,1,1,83.2709,24.0
1,1,21,1,12,10,0.549606,2,2,85.23781,24.0
1,1,22,1,12,10,0.833298,0,0,87.5206,24.0
1,1,23,1,12,10,0.666199,1,1,89.63701,24.0
1,1,24,1,12,10,0.399002,2,2,91.4532,24.0
1,1,25,1,12,10,0.433594,0,0,93.33681,24.0
1,1,26,1,12,10,0.565903,1,1,95.3528,24.0
1,1,27,1,12,10,0.383102,2,2,97.15291,24.0
1,1,28,1,12,10,0.449188,0,1,99.0524,24.0
1,1,29,1,12,10,5.048904,2,1,105.4849,24.0
1,1,30,1,12,10,1.432602,1,2,108.3182,24.0
1,1,31,1,12,10,3.816086,0,1,113.7846,24.0
1,1,32,1,12,10,2.6828,0,1,117.8507,24.0
1,1,33,1,12,10,0.582825,1,2,119.8172,24.0
1,1,34,1,12,10,5.165283,1,0,126.6328,24.0
1,1,35,1,12,10,3.481903,1,1,131.7655,24.0
1,1,36,1,12,10,1.41629,2,2,134.5991,24.0
1,1,37,1,12,10,1.53299,0,0,137.5819,24.0
1,1,38,1,12,10,1.166199,1,1,140.1981,24.0
1,1,39,1,12,10,0.999085,2,2,142.6144,24.0
1,1,40,1,12,10,1.099701,0,0,145.1645,24.0
1,1,41,1,12,10,0.932892,1,1,147.5476,24.0
1,1,42,1,12,10,0.816284,2,2,149.7806,24.0
1,1,43,1,12,10,1.5495,0,0,152.7803,24.0
1,1,44,1,12,10,0.982605,1,1,155.2132,24.0
1,1,45,1,12,10,0.632904,2,2,157.2631,24.0
1,1,46,1,12,10,1.66629,0,1,160.3796,24.0
1,1,47,1,12,10,5.115814,0,1,166.8787,24.0
1,1,48,1,12,10,3.382202,2,2,171.6445,24.0
1,1,49,1,12,10,1.932281,0,0,175.0273,24.0
1,1,50,1,12,10,1.316498,1,1,177.7944,24.0
1,1,51,1,12,10,1.23288,2,2,180.4439,24.0
1,1,52,1,12,10,1.36618,0,0,183.2604,24.0
1,1,53,1,12,10,0.566376,1,1,185.277,24.0
1,1,54,1,12,10,0.916412,2,2,187.61,24.0
1,1,55,1,12,10,1.299194,0,0,190.3592,24.0
1,1,56,1,12,10,0.550201,1,1,192.3594,24.0
1,1,57,1,12,10,0.832916,2,2,194.6091,24.0
1,1,58,1,12,10,3.4823,0,0,199.5418,24.0
1,1,59,1,12,10,0.717194,1,1,201.7082,24.0
1,1,60,1,12,10,0.749603,2,2,203.875,24.0
1,1,61,1,12,10,1.06601,0,0,206.391,24.0
1,1,62,1,12,10,0.382416,1,1,208.224,24.0
1,1,63,1,12,10,0.649811,2,2,210.2908,24.0
1,1,64,1,12,10,0.916382,0,1,212.6574,24.0
1,1,65,1,12,10,3.749115,0,1,217.7901,24.0
1,1,66,1,12,10,1.249512,0,2,220.4231,24.0
1,1,67,1,12,10,5.065887,0,1,226.8725,24.0
1,1,68,1,12,10,0.41568,1,1,228.6719,24.0
1,1,69,1,12,10,2.749298,2,2,232.8385,24.0
1,1,70,1,12,10,0.799591,0,0,235.0883,24.0
1,1,71,1,12,10,0.683106,1,1,237.2212,24.0
1,1,72,1,12,10,0.399597,2,2,239.0381,24.0
1,1,73,1,12,10,0.516724,0,0,241.0044,24.0
1,1,74,1,12,10,0.182892,1,1,242.6371,24.0
1,1,75,1,12,10,0.033325,2,2,244.0874,24.0
1,1,76,1,12,10,0.032501,0,0,245.57,24.0
1,1,77,1,12,10,0.2164,1,1,247.237,24.0
1,1,78,1,12,10,0.116211,2,2,248.77,24.0
1,1,79,1,12,10,0.233002,0,0,250.4534,24.0
1,1,80,1,12,10,0.03302,1,1,251.9361,24.0
1,1,81,1,12,10,0.148895,2,2,253.5024,24.0
1,1,82,1,12,10,0.649902,0,1,255.6028,24.0
1,1,83,1,12,10,6.049591,2,1,263.0355,24.0
1,1,84,1,12,10,0.549103,1,2,264.9843,24.0
1,1,85,1,12,10,2.365814,0,0,269.0011,24.0
1,1,86,1,12,10,1.466522,1,1,271.9176,24.0
1,1,87,1,12,10,0.833313,2,2,274.1676,24.0
1,1,88,1,12,10,0.615601,0,0,276.2333,24.0
1,1,89,1,12,10,0.716309,1,1,278.4002,24.0
1,1,90,1,12,10,0.149506,2,2,279.9665,24.0
1,1,91,1,12,10,0.382782,0,1,281.7998,24.0
1,1,92,1,12,10,4.349609,1,1,287.5326,24.0
1,1,93,1,12,10,3.949799,0,2,292.8991,24.0
1,1,94,1,12,10,1.882782,0,0,296.165,24.0
1,1,95,1,12,10,1.899109,1,1,299.5143,24.0
1,1,96,1,12,10,0.616516,2,2,301.5478,24.0
1,1,97,1,12,10,0.616211,0,0,303.6139,24.0
1,1,98,1,12,10,0.749512,1,1,305.8136,24.0
1,1,99,1,12,10,0.716309,2,2,307.9471,24.0
1,1,100,1,12,10,0.649414,0,0,310.0467,24.0
1,1,101,1,12,10,0.516388,1,1,312.0132,24.0
1,1,102,1,12,10,0.616394,2,2,314.0464,24.0
1,1,103,1,12,10,1.599304,0,0,317.0958,24.0
1,1,104,1,12,10,0.366608,1,1,318.9127,24.0
1,1,105,1,12,10,2.332916,2,2,322.6623,24.0
1,1,106,1,12,10,1.73291,0,0,325.8452,24.0
1,1,107,1,12,10,1.799377,1,1,329.0946,24.0
1,1,108,1,12,10,1.78241,2,2,332.2937,24.0
1,1,109,1,12,10,1.099426,0,0,334.8439,24.0
1,1,110,1,12,10,0.882996,1,1,337.1771,24.0
1,1,111,1,12,10,0.533295,2,2,339.1271,24.0
1,1,112,1,12,10,0.499207,0,0,341.0766,24.0
1,1,113,1,12,10,2.266022,1,1,344.7931,24.0
1,1,114,1,12,10,0.432709,2,2,346.6429,24.0
1,1,115,1,12,10,0.566193,0,0,348.6591,24.0
1,1,116,1,12,10,2.416595,1,1,352.5259,24.0
1,1,117,1,12,10,0.533203,2,2,354.4755,24.0
1,1,118,1,12,10,0.449616,0,1,356.375,24.0
1,1,119,1,12,10,3.998901,1,1,361.7575,24.0
1,1,120,1,12,10,1.332581,0,2,364.5075,24.0
1,1,121,1,12,10,1.94931,0,0,367.8403,24.0
1,1,122,1,12,10,1.582886,2,1,370.8736,24.0
1,1,123,1,12,10,2.816101,2,2,375.0899,24.0
1,1,124,1,12,10,1.366699,0,0,377.9064,24.0
1,1,125,1,12,10,0.549683,1,1,379.906,24.0
1,1,126,1,12,10,3.198975,2,2,384.5219,24.0
1,1,127,1,12,10,0.616089,0,0,386.5882,24.0
1,1,128,1,12,10,0.299988,1,1,388.3386,24.0
1,1,129,1,12,10,1.099731,2,2,390.8549,24.0
1,1,130,1,12,10,0.91626,0,0,393.2212,24.0
1,1,131,1,12,10,0.282593,1,1,394.9541,24.0
1,1,132,1,12,10,0.966797,2,2,397.3377,24.0
1,1,133,1,12,10,0.483215,0,0,399.2708,24.0
1,1,134,1,12,10,0.2995,1,1,401.0203,24.0
1,1,135,1,12,10,0.616028,2,2,403.0533,24.0
1,1,136,1,12,10,1.199097,0,1,405.7026,24.0
1,1,137,1,12,10,3.082642,2,1,410.1694,24.0
1,1,138,1,12,10,2.648987,2,2,414.2185,24.0
1,1,139,1,12,10,1.266113,0,0,416.9351,24.0
1,1,140,1,12,10,0.383057,1,1,418.7685,24.0
1,1,141,1,12,10,0.616211,1,2,420.8013,24.0
1,1,142,1,12,10,2.599487,0,0,425.051,24.0
1,1,143,1,12,10,2.74939,1,1,429.2506,24.0
1,1,144,1,12,10,0.649658,1,2,431.3172,24.0
1,1,145,1,12,10,3.599182,0,0,436.5669,24.0
1,1,146,1,12,10,1.282715,1,1,439.2993,24.0
1,1,147,1,12,10,0.433228,2,2,441.1495,24.0
1,1,148,1,12,10,1.049622,0,1,443.6492,24.0
1,1,149,1,12,10,4.433105,2,1,449.4649,24.0
1,1,150,1,12,10,1.732483,0,2,452.5979,24.0
1,1,151,1,12,10,4.248901,0,0,458.2308,24.0
1,1,152,1,12,10,1.116211,1,1,460.7973,24.0
1,1,153,1,12,10,0.532715,2,2,462.7469,24.0
1,1,154,1,12,10,1.249573,0,0,465.4469,24.0
1,1,155,1,12,10,0.66626,1,1,467.5633,24.0
1,1,156,1,12,10,0.749023,2,2,469.7294,24.0
1,1,157,1,12,10,0.666626,0,0,471.8461,24.0
1,1,158,1,12,10,0.932861,1,1,474.2293,24.0
1,1,159,1,12,10,0.26593,2,2,475.912,24.0
1,1,160,1,12,10,0.749939,0,1,478.1122,24.0
1,1,161,1,12,10,4.199402,2,1,483.6948,24.0
1,1,162,1,12,10,2.633118,2,2,487.728,24.0
1,1,163,1,12,10,0.999329,0,0,490.1771,24.0
1,1,164,1,12,10,0.449707,1,1,492.0773,24.0
1,1,165,1,12,10,0.798767,2,2,494.2932,24.0
1,1,166,1,12,10,1.91571,0,0,497.6596,24.0
1,1,167,1,12,10,0.715637,1,1,499.8262,24.0
1,1,168,1,12,10,0.616028,2,2,501.8594,24.0
1,1,169,1,12,10,1.09967,0,0,504.4093,24.0
1,1,170,1,12,10,0.532715,1,1,506.3923,24.0
1,1,171,1,12,10,0.78241,1,2,508.5917,24.0
1,1,172,1,12,10,1.249695,0,0,511.4917,24.0
1,1,173,1,12,10,2.516113,1,1,515.4579,24.0
1,1,174,1,12,10,0.599915,2,2,517.4746,24.0
1,1,175,1,12,10,1.133545,0,1,520.058,24.0
1,1,176,1,12,10,1.049561,0,1,522.4906,24.0
1,1,177,1,12,10,1.933105,0,2,525.807,24.0
1,1,178,1,12,10,6.982605,0,1,534.173,24.0
1,1,179,1,12,10,1.049622,0,1,536.606,24.0
1,1,180,1,12,10,1.583069,2,2,539.5722,24.0
1,1,181,1,12,10,0.832764,0,0,541.8551,24.0
1,1,182,1,12,10,0.466492,1,1,543.7717,24.0
1,1,183,1,12,10,0.465698,2,2,545.6545,24.0
1,1,184,1,12,10,1.417236,0,0,548.5215,24.0
1,1,185,1,12,10,0.533203,1,1,550.5046,24.0
1,1,186,1,12,10,0.649597,2,2,552.5707,24.0
1,1,187,1,12,10,0.61615,0,0,554.6371,24.0
1,1,188,1,12,10,0.333008,1,1,556.4207,24.0
1,1,189,1,12,10,0.799683,2,2,558.6369,24.0
1,1,190,1,12,10,0.632935,0,1,560.72,24.0
1,1,191,1,12,10,5.182312,1,1,567.2857,24.0
1,1,192,1,12,10,0.616089,2,2,569.3187,24.0
1,1,193,1,12,10,0.933106,0,1,571.7022,24.0
1,1,194,1,12,10,3.065857,0,1,576.1515,24.0
1,1,195,1,12,10,2.666016,0,2,580.2009,24.0
1,1,196,1,12,10,1.449829,0,0,583.0341,24.0
1,1,197,1,12,10,1.249878,2,1,585.734,24.0
1,1,198,1,12,10,0.833374,1,2,587.9669,24.0
1,1,199,1,12,10,3.098999,1,0,592.7165,24.0
1,1,200,1,12,10,1.86615,1,1,596.2328,24.0
1,1,201,1,12,10,0.64978,2,2,598.2992,24.0
1,1,202,1,12,10,0.715942,0,0,600.4653,24.0
1,1,203,1,12,10,0.850403,1,1,602.7659,24.0
1,1,204,1,12,10,1.166687,2,2,605.349,24.0
1,1,205,1,12,10,0.516602,0,1,607.3151,24.0
1,1,206,1,12,10,4.499695,1,1,613.1981,24.0
1,1,207,1,12,10,1.466187,0,2,616.0805,24.0
1,1,208,1,12,10,2.533203,0,0,619.9972,24.0
1,1,209,1,12,10,1.449707,1,1,622.8967,24.0
1,1,210,1,12,10,0.732971,2,2,625.0465,24.0
1,1,211,1,12,10,2.832703,1,0,629.3293,24.0
1,1,212,1,12,10,0.683044,1,1,631.6623,24.0
1,1,213,1,12,10,0.366394,2,2,633.4454,24.0
1,1,214,1,12,10,0.365601,0,0,635.2614,24.0
1,1,215,1,12,10,0.382935,1,1,637.0948,24.0
1,1,216,1,12,10,0.632935,2,2,639.1448,24.0
1,1,217,1,12,10,0.766052,0,1,641.3611,24.0
1,1,218,1,12,10,5.032837,2,1,647.7773,24.0
1,1,219,1,12,10,4.199097,2,2,653.3764,24.0
1,1,220,1,12,10,1.032654,0,0,655.8595,24.0
1,1,221,1,12,10,0.650147,1,1,657.9598,24.0
1,1,222,1,12,10,0.532898,2,2,659.9094,24.0
1,1,223,1,12,10,1.116272,0,0,662.4757,24.0
1,1,224,1,12,10,0.59967,1,1,664.5255,24.0
1,1,225,1,12,10,0.549805,2,2,666.492,24.0
1,1,226,1,12,10,2.133301,1,0,670.0752,24.0
1,1,227,1,12,10,0.482666,1,1,672.2077,24.0
1,1,228,1,12,10,0.349793,2,2,673.9746,24.0
1,1,229,1,12,10,0.583191,0,0,676.0077,24.0
1,1,230,1,12,10,2.449524,1,1,679.9072,24.0
1,1,231,1,12,10,0.282654,2,2,681.607,24.0
1,1,232,1,12,10,0.333252,0,1,683.3904,24.0
1,1,233,1,12,10,2.265686,1,1,687.0397,24.0
1,1,234,1,12,10,0.333008,2,2,688.7893,24.0
1,1,235,1,12,10,0.450073,0,1,690.6895,24.0
1,1,236,1,12,10,11.04822,0,1,703.121,24.0
1,1,237,1,12,10,1.049194,1,2,705.5542,24.0
1,1,238,1,12,10,3.01593,0,1,710.2203,24.0
1,1,239,1,12,10,0.933289,0,1,712.5371,24.0
1,1,240,1,12,10,0.466003,1,2,714.3866,24.0
1,1,241,1,12,10,1.599792,0,0,717.6367,24.0
1,1,242,1,12,10,0.916504,1,1,720.0031,24.0
1,1,243,1,12,10,0.449707,2,2,721.8696,24.0
1,1,244,1,12,10,3.315674,0,1,726.6353,24.0
1,1,245,1,12,10,3.815552,2,1,731.8346,24.0
1,1,246,1,12,10,1.366211,2,2,734.6011,24.0
1,1,247,1,12,10,0.916138,0,1,736.9675,24.0
1,1,248,1,12,10,3.499329,0,1,741.8503,24.0
1,1,249,1,12,10,1.666077,2,2,744.9002,24.0
1,1,250,1,12,10,0.782898,1,0,747.1332,24.0
1,1,251,1,12,10,0.500122,1,1,749.2834,24.0
1,1,252,1,12,10,0.599731,1,2,751.2997,24.0
1,1,253,1,12,10,0.666138,2,0,753.6158,24.0
1,1,254,1,12,10,1.5,1,1,756.5158,24.0
1,1,255,1,12,10,3.033142,2,2,760.9653,24.0
1,1,256,1,12,10,0.732971,0,0,763.1483,24.0
1,1,257,1,12,10,0.549683,1,1,765.1482,24.0
1,1,258,1,12,10,0.232788,2,2,766.7976,24.0
1,1,259,1,12,10,0.350037,0,1,768.5978,24.0
1,1,260,1,12,10,2.116394,1,1,772.0972,24.0
1,1,261,1,12,10,0.599854,2,2,774.1139,24.0
1,1,262,1,12,10,0.383118,0,0,775.9471,24.0
1,1,263,1,12,10,0.416016,1,1,777.8129,24.0
1,1,264,1,12,10,0.267334,1,2,779.4974,24.0
1,1,265,1,12,10,1.86676,1,0,783.0127,24.0
1,1,266,1,12,10,3.215881,1,1,787.8787,24.0
1,1,267,1,12,10,0.616028,2,2,789.9119,24.0
1,1,268,1,12,10,1.083191,0,1,792.4453,24.0
1,1,269,1,12,10,2.932983,2,1,796.7614,24.0
1,1,270,1,12,10,1.582764,2,2,799.7442,24.0
1,1,271,1,12,10,0.783203,0,0,801.9776,24.0
1,1,272,1,12,10,0.416199,1,1,803.8438,24.0
1,1,273,1,12,10,0.765747,1,2,806.0265,24.0
1,1,274,1,12,10,3.765686,2,0,811.4429,24.0
1,1,275,1,12,10,1.115356,1,1,813.9593,24.0
1,1,276,1,12,10,2.099304,2,2,817.4756,24.0
1,1,277,1,12,10,1.299805,1,0,820.2256,24.0
1,1,278,1,12,10,1.649414,1,1,823.525,24.0
1,1,279,1,12,10,1.433044,2,2,826.3749,24.0
1,1,280,1,12,10,1.700378,0,0,829.5249,24.0
1,1,281,1,12,10,1.500366,1,1,832.4749,24.0
1,1,282,1,12,10,1.69928,2,2,835.5904,24.0
1,1,283,1,12,10,1.316895,1,0,838.3576,24.0
1,1,284,1,12,10,1.849609,1,1,841.8566,24.0
1,1,285,1,12,10,0.866089,0,2,844.1395,24.0
1,1,286,1,12,10,4.999023,0,1,850.5219,24.0
1,1,287,1,12,10,0.782715,0,1,852.6885,24.0
1,1,288,1,12,10,0.232971,1,2,854.3051,24.0
1,1,289,1,12,10,2.083313,1,0,858.0385,24.0
1,1,290,1,12,10,1.216187,1,1,860.9044,24.0
1,1,291,1,12,10,2.366089,2,2,864.6872,24.0
1,1,292,1,12,10,1.682678,0,0,867.8205,24.0
1,1,293,1,12,10,0.966309,1,1,870.2368,24.0
1,1,294,1,12,10,0.83252,2,2,872.4858,24.0
1,1,295,1,12,10,1.23291,0,0,875.1697,24.0
1,1,296,1,12,10,0.716431,1,1,877.3362,24.0
1,1,297,1,12,10,0.366516,2,2,879.1191,24.0
1,1,298,1,12,10,4.099121,0,0,884.6686,24.0
1,1,299,1,12,10,0.39978,1,1,886.5185,24.0
1,1,300,1,12,10,0.166138,2,2,888.101,24.0
1,1,301,1,12,10,0.832886,0,0,890.3847,24.0
1,1,302,1,12,10,0.366089,1,1,892.2009,24.0
1,1,303,1,12,10,1.933105,2,2,895.551,24.0
1,1,304,1,12,10,0.799683,0,0,897.8005,24.0
1,1,305,1,12,10,0.416626,1,1,899.6672,24.0
1,1,306,1,12,10,0.26648,2,2,901.3504,24.0
1,1,307,1,12,10,0.566162,0,0,903.3664,24.0
1,1,308,1,12,10,0.466431,1,1,905.2833,24.0
1,1,309,1,12,10,0.966065,2,2,907.6662,24.0
1,1,310,1,12,10,0.432983,0,1,909.5494,24.0
1,1,311,1,12,10,2.049316,0,1,912.9819,24.0
1,1,312,1,12,10,1.149292,0,2,915.5151,24.0
1,1,313,1,12,10,4.56604,0,0,921.4645,24.0
1,1,314,1,12,10,1.932983,1,1,924.8478,24.0
1,1,315,1,12,10,0.399658,2,2,926.6641,24.0
1,1,316,1,12,10,0.51648,0,1,928.6306,24.0
1,1,317,1,12,10,2.449341,1,1,932.4632,24.0
1,1,318,1,12,10,0.516235,2,2,934.3963,24.0
1,1,319,1,12,10,0.649658,0,0,936.4963,24.0
1,1,320,1,12,10,0.483643,1,1,938.4295,24.0
1,1,321,1,12,10,0.165894,2,2,940.0123,24.0
1,1,322,1,12,10,0.383301,0,1,941.8459,24.0
1,1,323,1,12,10,1.233276,1,1,944.4623,24.0
1,1,324,1,12,10,0.449707,2,2,946.3287,24.0
1,1,325,1,12,10,0.700073,0,1,948.4786,24.0
1,1,326,1,12,10,0.41626,1,1,950.2781,24.0
1,1,327,1,12,10,1.333008,2,2,953.0283,24.0
1,1,328,1,12,10,4.016602,0,1,958.4946,24.0
1,1,329,1,12,10,0.349731,1,1,960.2272,24.0
1,1,330,1,12,10,0.616455,2,2,962.2603,24.0
1,1,331,1,12,10,0.333008,1,1,964.0433,24.0
1,1,332,1,12,10,0.333008,2,1,965.7933,24.0
1,1,333,1,12,10,0.682983,1,2,967.8762,24.0
1,1,334,1,12,10,1.850098,2,0,971.3762,24.0
1,1,335,1,12,10,6.315796,1,1,1023.787,24.0
1,1,336,1,12,10,0.416138,2,2,1025.62,24.0
1,1,337,1,12,10,0.29895,0,0,1027.37,24.0
1,1,338,1,12,10,0.316162,1,1,1029.136,24.0
1,1,339,1,12,10,0.065796,2,2,1030.619,24.0
1,1,340,1,12,10,0.083008,0,1,1032.152,24.0
1,1,341,1,12,10,1.065796,2,1,1034.602,24.0
1,1,342,1,12,10,1.016113,2,2,1037.019,24.0
1,1,343,1,12,10,0.899414,0,0,1039.368,24.0
1,1,344,1,12,10,0.382813,1,1,1041.202,24.0
1,1,345,1,12,10,0.499512,1,2,1043.118,24.0
1,1,346,1,12,10,3.316284,0,0,1048.085,24.0
1,1,347,1,12,10,0.483398,1,1,1050.017,24.0
1,1,348,1,12,10,0.032959,2,2,1051.467,24.0
1,1,349,1,12,10,0.166016,0,0,1053.083,24.0
1,1,350,1,12,10,0.482788,1,1,1055.016,24.0
1,1,351,1,12,10,0.633423,2,2,1057.067,24.0
1,1,352,1,12,10,1.099609,0,0,1059.616,24.0
1,1,353,1,12,10,0.515747,1,1,1061.583,24.0
1,1,354,1,12,10,0.183228,2,2,1063.183,24.0
1,1,355,1,12,10,0.832275,0,0,1065.465,24.0
1,1,356,1,12,10,0.383545,1,1,1067.299,24.0
1,1,357,1,12,10,0.049561,2,2,1068.766,24.0
1,1,358,1,12,10,0.832886,0,0,1071.049,24.0
1,1,359,1,12,10,0.316528,1,1,1072.815,24.0
1,1,360,1,12,10,0.049927,2,2,1074.281,24.0
1,1,361,1,12,10,0.250122,0,1,1075.982,24.0
1,1,362,1,12,10,2.215942,2,1,1079.581,24.0
1,1,363,1,12,10,1.200073,2,2,1082.181,24.0
1,1,364,1,12,10,0.798584,0,1,1084.43,24.0
1,1,365,1,12,10,2.632446,2,1,1088.447,24.0
1,1,366,1,12,10,0.983398,2,2,1090.83,24.0
1,1,367,1,12,10,0.599243,1,0,1092.88,24.0
1,1,368,1,12,10,4.282837,2,1,1098.812,24.0
1,1,369,1,12,10,0.900024,2,2,1101.112,24.0
1,1,370,1,12,10,1.566406,0,0,1104.128,24.0
1,1,371,1,12,10,1.699707,1,1,1107.278,24.0
1,1,372,1,12,10,0.266113,2,2,1108.961,24.0
1,1,373,1,12,10,0.966553,0,0,1111.378,24.0
1,1,374,1,12,10,0.81665,1,1,1113.644,24.0
1,1,375,1,12,10,0.216187,1,2,1115.277,24.0
1,1,376,1,12,10,1.632568,1,0,1118.56,24.0
1,1,377,1,12,10,0.466797,1,1,1120.677,24.0
1,1,378,1,12,10,0.316406,2,2,1122.41,24.0
1,1,379,1,12,10,1.049438,0,0,1124.909,24.0
1,1,380,1,12,10,2.232788,1,1,1128.592,24.0
1,1,381,1,12,10,0.333252,2,2,1130.342,24.0
1,1,382,1,12,10,0.999023,1,0,1132.792,24.0
1,1,383,1,12,10,2.066162,1,1,1136.508,24.0
1,1,384,1,12,10,0.08313,2,2,1138.008,24.0
1,1,385,1,12,10,0.882813,0,0,1140.341,24.0
1,1,386,1,12,10,0.366089,1,1,1142.157,24.0
1,1,387,1,12,10,0.149658,2,2,1143.724,24.0
1,1,388,1,12,10,0.849487,0,0,1146.024,24.0
1,1,389,1,12,10,0.182617,1,1,1147.657,24.0
1,1,390,1,12,10,0.066528,2,2,1149.14,24.0
1,1,391,1,12,10,0.300415,0,0,1150.89,24.0
1,1,392,1,12,10,0.349487,1,1,1152.69,24.0
1,1,393,1,12,10,0.015869,2,2,1154.123,24.0
1,1,394,1,12,10,0.415894,0,0,1155.989,24.0
1,1,395,1,12,10,0.516235,1,1,1157.956,24.0
1,1,396,1,12,10,3.88269,2,2,1163.255,24.0
1,1,397,1,12,10,0.649536,0,0,1165.355,24.0
1,1,398,1,12,10,0.433106,1,1,1167.238,24.0
1,1,399,1,12,10,0.266602,2,2,1168.922,24.0
1,1,400,1,12,10,0.483032,0,0,1170.855,24.0
1,1,401,1,12,10,0.16626,1,1,1172.471,24.0
1,1,402,1,12,10,0.066284,2,2,1173.954,24.0
1,1,403,1,12,10,0.149658,0,0,1175.554,24.0
1,1,404,1,12,10,0.166626,1,1,1177.171,24.0
1,1,405,1,12,10,0.332886,2,2,1178.92,24.0
1,1,406,1,12,10,0.399658,0,1,1180.77,24.0
1,1,407,1,12,10,1.682861,2,1,1183.837,24.0
1,1,408,1,12,10,1.866089,2,2,1187.103,24.0
1,1,409,1,12,10,1.16626,0,0,1189.719,24.0
1,1,410,1,12,10,0.466309,1,1,1191.636,24.0
1,1,411,1,12,10,0.249634,2,2,1193.302,24.0
1,1,412,1,12,10,0.332642,0,0,1195.085,24.0
1,1,413,1,12,10,0.299683,1,1,1196.835,24.0
1,1,414,1,12,10,0.482666,2,2,1198.735,24.0
1,1,415,1,12,10,0.283203,0,0,1200.468,24.0
1,1,416,1,12,10,0.332642,1,1,1202.251,24.0
1,1,417,1,12,10,0.16626,2,2,1203.834,24.0
1,1,418,1,12,10,0.383179,0,1,1205.667,24.0
1,1,419,1,12,10,1.932739,1,1,1208.984,24.0
1,1,420,1,12,10,0.199707,2,2,1210.6,24.0
1,1,421,1,12,10,2.23291,0,1,1214.283,24.0
1,1,422,1,12,10,1.082764,1,1,1216.75,24.0
1,1,423,1,12,10,2.89917,2,2,1221.066,24.0
1,1,424,1,12,10,1.150391,0,0,1223.666,24.0
1,1,425,1,12,10,0.449707,1,1,1225.565,24.0
1,1,426,1,12,10,0.383179,2,2,1227.365,24.0
1,1,427,1,12,10,0.449097,0,0,1229.265,24.0
1,1,428,1,12,10,0.382935,1,1,1231.097,24.0
1,1,429,1,12,10,0.283936,2,2,1232.798,24.0
1,1,430,1,12,10,0.932861,0,0,1235.181,24.0
1,1,431,1,12,10,0.216187,1,1,1236.848,24.0
1,1,432,1,12,10,0.733154,2,2,1238.997,24.0
1,1,433,1,12,10,0.532715,0,0,1240.98,24.0
1,1,434,1,12,10,0.099487,1,1,1242.53,24.0
1,1,435,1,12,10,0.049072,2,2,1243.996,24.0
1,1,436,1,12,10,0.249634,0,1,1245.697,24.0
1,1,437,1,12,10,0.732544,1,1,1247.813,24.0
1,1,438,1,12,10,0.099976,2,2,1249.33,24.0
1,1,439,1,12,10,0.149536,0,1,1250.929,24.0
1,1,440,1,12,10,2.599609,1,1,1254.912,24.0
1,1,441,1,12,10,0.399658,0,2,1256.729,24.0
1,1,442,1,12,10,1.133179,1,0,1259.245,24.0
1,1,443,1,12,10,2.615845,2,1,1263.511,24.0
1,1,444,1,12,10,1.998901,1,2,1266.911,24.0
1,1,445,1,12,10,2.116211,0,1,1270.677,24.0
1,1,446,1,12,10,2.699707,1,1,1274.76,24.0
1,1,447,1,12,10,0.732666,0,2,1276.91,24.0
1,1,448,1,12,10,1.216187,1,0,1279.509,24.0
1,1,449,1,12,10,0.799805,0,1,1281.959,24.0
1,1,450,1,12,10,2.832764,1,2,1286.175,24.0
1,1,451,1,12,10,0.866699,2,1,1288.692,24.0
1,1,452,1,12,10,1.483154,2,1,1291.575,24.0
1,1,453,1,12,10,0.333252,1,2,1293.308,24.0
1,1,454,1,12,10,0.183228,2,0,1295.141,24.0
1,1,455,1,12,10,3.466309,1,1,1300.007,24.0
1,1,456,1,12,10,0.348511,2,2,1301.773,24.0
1,1,457,1,12,10,0.883057,0,0,1304.107,24.0
1,1,458,1,12,10,0.76648,1,1,1306.323,24.0
1,1,459,1,12,10,0.332398,2,2,1308.073,24.0
1,1,460,1,12,10,1.183105,0,1,1310.706,24.0
1,1,461,1,12,10,2.765869,1,1,1314.856,24.0
1,1,462,1,12,10,0.566284,2,2,1316.839,24.0
1,1,463,1,12,10,0.449463,0,0,1318.738,24.0
1,1,464,1,12,10,0.332642,1,1,1320.521,24.0
1,1,465,1,12,10,0.233032,2,2,1322.172,24.0
1,1,466,1,12,10,0.533203,1,0,1324.155,24.0
1,1,467,1,12,10,0.732788,1,1,1326.538,24.0
1,1,468,1,12,10,0.616333,2,2,1328.571,24.0
1,1,469,1,12,10,0.699829,0,0,1330.721,24.0
1,1,470,1,12,10,0.48291,1,1,1332.654,24.0
1,1,471,1,12,10,0.150024,2,2,1334.22,24.0
1,1,472,1,12,10,0.249756,0,1,1335.92,24.0
1,1,473,1,12,10,1.666138,0,1,1338.97,24.0
1,1,474,1,12,10,0.366455,0,2,1340.72,24.0
1,1,475,1,12,10,0.399048,0,0,1342.502,24.0
1,1,476,1,12,10,0.499268,1,1,1344.453,24.0
1,1,477,1,12,10,0.216553,2,2,1346.086,24.0
1,1,478,1,12,10,0.632935,0,0,1348.169,24.0
1,1,479,1,12,10,0.499512,1,1,1350.118,24.0
1,1,480,1,12,10,0.883057,2,2,1352.418,24.0
1,1,481,1,12,10,0.482788,0,0,1354.351,24.0
1,1,482,1,12,10,0.46582,1,1,1356.268,24.0
1,1,483,1,12,10,0.966553,2,2,1358.651,24.0
1,1,484,1,12,10,0.516724,0,0,1360.618,24.0
1,1,485,1,12,10,0.349121,1,1,1362.417,24.0
1,1,486,1,12,10,0.116089,2,2,1363.95,24.0
1,1,487,1,12,10,0.366577,0,1,1365.767,24.0
1,1,488,1,12,10,0.849487,1,1,1368.0,24.0
1,1,489,1,12,10,0.649658,2,2,1370.067,24.0
1,1,490,1,12,10,0.316284,0,0,1371.833,24.0
1,1,491,1,12,10,0.316406,1,1,1373.6,24.0
1,1,492,1,12,10,0.283569,2,2,1375.299,24.0
1,1,493,1,12,10,0.383057,0,0,1377.132,24.0
1,1,494,1,12,10,0.399658,1,1,1378.982,24.0
1,1,495,1,12,10,0.248901,2,2,1380.648,24.0
1,1,496,1,12,10,1.41626,1,1,1383.515,24.0
1,1,497,1,12,10,1.332764,0,1,1386.265,24.0
1,1,498,1,12,10,1.116333,1,2,1388.765,24.0
1,1,499,1,12,10,1.666016,0,0,1392.081,24.0
1,1,500,1,12,10,1.382935,1,1,1394.914,24.0
1,1,501,1,12,10,0.099731,2,2,1396.43,24.0
1,1,502,1,12,10,0.549683,0,0,1398.43,24.0
1,1,503,1,12,10,0.149902,1,1,1400.03,24.0
1,1,504,1,12,10,0.865601,2,2,1402.313,24.0
1,1,505,1,12,10,1.382324,0,1,1405.146,24.0
1,1,506,1,12,10,2.283081,0,1,1408.813,24.0
1,1,507,1,12,10,1.115601,0,2,1411.311,24.0
1,1,508,1,12,10,0.484009,0,0,1413.179,24.0
1,1,509,1,12,10,0.700073,1,1,1415.328,24.0
1,1,510,1,12,10,0.08313,2,2,1416.828,24.0
1,1,511,1,12,10,0.383423,0,1,1418.661,24.0
1,1,512,1,12,10,0.250122,1,1,1420.295,24.0
1,1,513,1,12,10,0.332886,0,2,1422.044,24.0
1,1,514,1,12,10,0.416382,1,0,1423.844,24.0
1,1,515,1,12,10,0.699707,1,1,1426.194,24.0
1,1,516,1,12,10,0.299439,2,2,1427.91,24.0
1,1,517,1,12,10,0.432983,0,0,1429.793,24.0
1,1,518,1,12,10,0.883057,1,1,1432.127,24.0
1,1,519,1,12,10,0.066528,2,2,1433.61,24.0
1,1,520,1,12,10,0.583374,0,0,1435.643,24.0
1,1,521,1,12,10,0.282959,1,1,1437.376,24.0
1,1,522,1,12,10,0.449585,2,2,1439.242,24.0
1,1,523,1,12,10,0.216309,0,0,1440.909,24.0
1,1,524,1,12,10,0.182983,1,1,1442.542,24.0
1,1,525,1,12,10,0.083008,2,2,1444.042,24.0
1,1,526,1,12,10,0.782837,1,0,1446.275,24.0
1,1,527,1,12,10,0.132813,1,1,1448.058,24.0
1,1,528,1,12,10,0.383301,1,2,1449.858,24.0
1,1,529,1,12,10,0.299927,2,1,1451.808,24.0
1,1,530,1,12,10,3.149414,0,1,1456.357,24.0
1,1,531,1,12,10,1.115845,0,2,1458.857,24.0
1,1,532,1,12,10,0.349609,0,1,1460.59,24.0
1,1,533,1,12,10,0.299561,0,1,1462.273,24.0
1,1,534,1,12,10,0.199951,1,2,1463.857,24.0
1,1,535,1,12,10,2.633057,1,1,1468.14,24.0
1,1,536,1,12,10,0.599731,0,1,1470.156,24.0
1,1,537,1,12,10,0.316284,1,2,1471.856,24.0
1,1,538,1,12,10,0.216675,1,0,1473.722,24.0
1,1,539,1,12,10,0.566773,0,1,1475.939,24.0
1,1,540,1,12,10,5.966309,2,2,1483.288,24.0
1,1,541,1,12,10,0.716187,0,0,1485.454,24.0
1,1,542,1,12,10,0.616089,1,1,1487.52,24.0
1,1,543,1,12,10,1.016235,2,2,1489.954,24.0
1,1,544,1,12,10,0.732788,1,0,1492.137,24.0
1,1,545,1,12,10,1.550171,1,1,1495.337,24.0
1,1,546,1,12,10,0.533203,2,2,1497.286,24.0
1,1,547,1,12,10,0.932739,0,0,1499.669,24.0
1,1,548,1,12,10,0.515991,1,1,1501.636,24.0
1,1,549,1,12,10,0.782715,2,2,1503.835,24.0
1,1,550,1,12,10,1.382935,0,1,1506.669,24.0
1,1,551,1,12,10,0.916504,1,1,1508.969,24.0
1,1,552,1,12,10,0.533325,0,2,1510.918,24.0
1,1,553,1,12,10,1.133057,2,0,1513.435,24.0
1,1,554,1,12,10,2.08313,1,1,1516.918,24.0
1,1,555,1,12,10,0.516357,0,2,1518.851,24.0
1,1,556,1,12,10,0.999512,1,0,1521.233,24.0
1,1,557,1,12,10,1.265503,1,1,1524.15,24.0
1,1,558,1,12,10,0.250122,2,2,1525.817,24.0
1,1,559,1,12,10,1.199097,0,0,1528.466,24.0
1,1,560,1,12,10,0.533325,1,1,1530.449,24.0
1,1,561,1,12,10,0.832886,2,2,1532.699,24.0
1,1,562,1,12,10,0.74939,0,0,1534.899,24.0
1,1,563,1,12,10,0.583008,1,1,1536.932,24.0
1,1,564,1,12,10,1.916626,2,2,1540.265,24.0
1,1,565,1,12,10,0.765991,0,0,1542.481,24.0
1,1,566,1,12,10,0.382813,1,1,1544.314,24.0
1,1,567,1,12,10,0.382813,2,2,1546.114,24.0
1,1,568,1,12,10,0.816284,0,0,1548.381,24.0
1,1,569,1,12,10,0.266113,1,1,1550.097,24.0
1,1,570,1,12,10,0.366333,2,2,1551.881,24.0
1,1,571,1,12,10,0.733276,0,0,1554.063,24.0
1,1,572,1,12,10,1.115723,1,1,1556.63,24.0
1,1,573,1,12,10,0.166138,2,2,1558.213,24.0
1,1,574,1,12,10,0.149902,0,0,1559.813,24.0
1,1,575,1,12,10,0.199585,1,1,1561.463,24.0
1,1,576,1,12,10,0.133179,2,2,1563.013,24.0
1,1,577,1,12,10,1.182739,0,0,1565.645,24.0
1,1,578,1,12,10,0.133179,1,1,1567.229,24.0
1,1,579,1,12,10,0.266602,2,2,1568.912,24.0
1,1,580,1,12,10,0.649414,0,1,1571.012,24.0
1,1,581,1,12,10,0.683106,1,1,1573.078,24.0
1,1,582,1,12,10,0.43335,0,2,1574.928,24.0
1,1,583,1,12,10,1.833008,0,1,1578.144,24.0
1,1,584,1,12,10,0.549561,1,1,1580.077,24.0
1,1,585,1,12,10,0.065674,0,2,1581.56,24.0
1,1,586,1,12,10,0.399414,1,0,1583.344,24.0
1,1,587,1,12,10,1.716431,1,1,1586.71,24.0
1,1,588,1,12,10,0.015869,2,2,1588.143,24.0
1,1,589,1,12,10,0.699707,0,0,1590.293,24.0
1,1,590,1,12,10,0.5,1,1,1592.243,24.0
1,1,591,1,12,10,2.416138,2,2,1596.076,24.0
1,1,592,1,12,10,2.016113,0,0,1599.542,24.0
1,1,593,1,12,10,0.31665,1,1,1601.309,24.0
1,1,594,1,12,10,0.100098,2,2,1602.825,24.0
1,1,595,1,12,10,0.316284,0,0,1604.591,24.0
1,1,596,1,12,10,0.216553,1,1,1606.258,24.0
1,1,597,1,12,10,0.266357,2,2,1607.941,24.0
1,1,598,1,12,10,0.866211,0,0,1610.258,24.0
1,1,599,1,12,10,0.116089,1,1,1611.824,24.0
1,1,600,1,12,10,0.31665,2,2,1613.557,24.0
1,1,601,1,12,10,0.299683,0,0,1615.307,24.0
1,1,602,1,12,10,0.233154,1,1,1616.99,24.0
1,1,603,1,12,10,0.432739,2,2,1618.84,24.0
1,1,604,1,12,10,0.332398,0,1,1620.623,24.0
1,1,605,1,12,10,0.749634,1,1,1622.756,24.0
1,1,606,1,12,10,0.748535,2,2,1624.922,24.0
1,1,607,1,12,10,0.699463,0,1,1627.072,24.0
1,1,608,1,12,10,0.332764,1,1,1628.789,24.0
1,1,609,1,12,10,0.849731,0,2,1631.055,24.0
1,1,610,1,12,10,1.799194,1,0,1634.238,24.0
1,1,611,1,12,10,0.316528,1,1,1636.205,24.0
1,1,612,1,12,10,0.316773,2,2,1637.938,24.0
1,1,613,1,12,10,0.532959,0,0,1639.921,24.0
1,1,614,1,12,10,0.466431,1,1,1641.838,24.0
1,1,615,1,12,10,0.815796,2,2,1644.07,24.0
1,1,616,1,12,10,1.615479,0,1,1647.137,24.0
1,1,617,1,12,10,0.533081,1,1,1649.053,24.0
1,1,618,1,12,10,0.966431,2,2,1651.436,24.0
1,1,619,1,12,10,0.932861,0,0,1653.819,24.0
1,1,620,1,12,10,0.532715,1,1,1655.803,24.0
1,1,621,1,12,10,0.298828,2,2,1657.518,24.0
1,1,622,1,12,10,1.549561,0,0,1660.519,24.0
1,1,623,1,12,10,0.215942,1,1,1662.185,24.0
1,1,624,1,12,10,0.266602,2,2,1663.869,24.0
1,1,625,1,12,10,0.56604,0,0,1665.884,24.0
1,1,626,1,12,10,0.216065,1,1,1667.551,24.0
1,1,627,1,12,10,0.032959,2,2,1669.001,24.0
1,1,628,1,12,10,0.166504,0,0,1670.618,24.0
1,1,629,1,12,10,0.999146,1,1,1673.067,24.0
1,1,630,1,12,10,2.866211,2,2,1677.35,24.0
1,1,631,1,12,10,1.349243,0,0,1680.15,24.0
1,1,632,1,12,10,0.566284,1,1,1682.166,24.0
1,1,633,1,12,10,0.616699,2,2,1684.199,24.0
1,1,634,1,12,10,0.449585,0,1,1686.099,24.0
1,1,635,1,12,10,1.916016,2,1,1689.399,24.0
1,1,636,1,12,10,0.949707,2,2,1691.749,24.0
1,1,637,1,12,10,1.332886,0,1,1694.532,24.0
1,1,638,1,12,10,2.015991,2,1,1697.931,24.0
1,1,639,1,12,10,1.49939,2,2,1700.831,24.0
1,1,640,1,12,10,0.866577,1,0,1703.147,24.0
1,1,641,1,12,10,0.349243,1,1,1705.147,24.0
1,1,642,1,12,10,0.216431,2,2,1706.781,24.0
1,1,643,1,12,10,0.49939,0,1,1708.73,24.0
1,1,644,1,12,10,0.31665,1,1,1710.43,24.0
1,1,645,1,12,10,0.58252,2,2,1712.429,24.0
1,1,646,1,12,10,1.64978,0,0,1715.53,24.0
1,1,647,1,12,10,0.366455,1,1,1717.346,24.0
1,1,648,1,12,10,0.566162,2,2,1719.329,24.0
1,1,649,1,12,10,0.383179,0,1,1721.162,24.0
1,1,650,1,12,10,0.315918,1,1,1722.862,24.0
1,1,651,1,12,10,3.232666,2,2,1727.512,24.0
1,1,652,1,12,10,0.949707,1,0,1729.911,24.0
1,1,653,1,12,10,0.599609,1,1,1732.161,24.0
1,1,654,1,12,10,0.116699,2,2,1733.694,24.0
1,1,655,1,12,10,0.466431,0,0,1735.611,24.0
1,1,656,1,12,10,0.349731,1,1,1737.411,24.0
1,1,657,1,12,10,0.299561,2,2,1739.127,24.0
1,1,658,1,12,10,0.116455,2,0,1740.693,24.0
1,1,659,1,12,10,1.667114,1,1,1743.76,24.0
1,1,660,1,12,10,0.149536,2,2,1745.326,24.0
1,1,661,1,12,10,0.216065,0,0,1746.993,24.0
1,1,662,1,12,10,0.482544,1,1,1748.926,24.0
1,1,663,1,12,10,0.116821,2,2,1750.459,24.0
1,1,664,1,12,10,0.582886,0,0,1752.492,24.0
1,1,665,1,12,10,0.316284,1,1,1754.259,24.0
1,1,666,1,12,10,0.232788,2,2,1755.908,24.0
1,1,667,1,12,10,0.499512,0,0,1757.858,24.0
1,1,668,1,12,10,0.282715,1,1,1759.591,24.0
1,1,669,1,12,10,6.365967,1,2,1795.471,24.0
1,1,670,1,12,10,0.299683,1,0,1797.421,24.0
1,1,671,1,12,10,0.76648,1,1,1799.837,24.0
1,1,672,1,12,10,0.316284,2,2,1801.57,24.0
1,1,673,1,12,10,0.099609,0,1,1803.12,24.0
1,1,674,1,12,10,1.583496,0,1,1806.087,24.0
1,1,675,1,12,10,1.749756,2,2,1809.22,24.0
1,1,676,1,12,10,1.166382,0,1,1811.836,24.0
1,1,677,1,12,10,1.849609,1,1,1815.069,24.0
1,1,678,1,12,10,0.749756,2,2,1817.235,24.0
1,1,679,1,12,10,0.699585,1,0,1819.385,24.0
1,1,680,1,12,10,1.349609,1,1,1822.385,24.0
1,1,681,1,12,10,0.582886,2,2,1824.385,24.0
1,1,682,1,12,10,0.216431,0,0,1826.051,24.0
1,1,683,1,12,10,0.632813,1,1,1828.134,24.0
1,1,684,1,12,10,0.116455,2,2,1829.667,24.0
1,1,685,1,12,10,0.216187,0,0,1831.334,24.0
1,1,686,1,12,10,0.383423,1,1,1833.167,24.0
1,1,687,1,12,10,0.366699,2,2,1834.95,24.0
1,1,688,1,12,10,0.282715,0,0,1836.683,24.0
1,1,689,1,12,10,1.099365,1,1,1839.233,24.0
1,1,690,1,12,10,0.015991,2,2,1840.666,24.0
1,1,691,1,12,10,0.300171,0,0,1842.417,24.0
1,1,692,1,12,10,0.41626,1,1,1844.283,24.0
1,1,693,1,12,10,0.166504,2,2,1845.866,24.0
1,1,694,1,12,10,0.26648,0,1,1847.582,24.0
1,1,695,1,12,10,2.666382,2,1,1851.632,24.0
1,1,696,1,12,10,1.083252,2,2,1854.115,24.0
1,1,697,1,12,10,0.616455,0,1,1856.181,24.0
1,1,698,1,12,10,3.665894,1,1,1861.231,24.0
1,1,699,1,12,10,1.083252,2,2,1863.731,24.0
1,1,700,1,12,10,0.866699,1,1,1866.047,24.0
1,1,701,1,12,10,1.049561,0,1,1868.513,24.0
1,1,702,1,12,10,1.565918,2,2,1871.462,24.0
1,1,703,1,12,10,0.632935,1,0,1873.546,24.0
1,1,704,1,12,10,0.216187,1,1,1875.412,24.0
1,1,705,1,12,10,0.433228,2,2,1877.262,24.0
1,1,706,1,12,10,1.549561,1,0,1880.262,24.0
1,1,707,1,12,10,2.049561,1,1,1883.962,24.0
1,1,708,1,12,10,0.115967,2,2,1885.494,24.0
1,1,709,1,12,10,1.532959,0,0,1888.478,24.0
1,1,710,1,12,10,0.466065,1,1,1890.394,24.0
1,1,711,1,12,10,0.150147,2,2,1891.961,24.0
1,1,712,1,12,10,0.199341,0,0,1893.61,24.0
1,1,713,1,12,10,0.383057,1,1,1895.444,24.0
1,1,714,1,12,10,0.432983,2,2,1897.293,24.0
1,1,715,1,12,10,0.249512,0,0,1898.993,24.0
1,1,716,1,12,10,0.199707,1,1,1900.643,24.0
1,1,717,1,12,10,0.015747,2,2,1902.076,24.0
1,1,718,1,12,10,0.299805,0,0,1903.826,24.0
1,1,719,1,12,10,0.032471,1,1,1905.309,24.0
1,1,720,1,12,10,0.149658,2,2,1906.876,24.0
1,1,721,1,12,10,0.282959,0,0,1908.609,24.0
1,1,722,1,12,10,0.383057,1,1,1910.442,24.0
1,1,723,1,12,10,0.132568,2,2,1911.992,24.0
1,1,724,1,12,10,0.249268,0,1,1913.692,24.0
1,1,725,1,12,10,2.049561,2,1,1917.125,24.0
1,1,726,1,12,10,1.133057,2,2,1919.658,24.0
1,1,727,1,12,10,0.949463,1,1,1922.058,24.0
1,1,728,1,12,10,0.983398,2,1,1924.457,24.0
1,1,729,1,12,10,1.550049,2,2,1927.407,24.0
1,1,730,1,12,10,1.133057,1,0,1929.99,24.0
1,1,731,1,12,10,1.766113,1,1,1933.406,24.0
1,1,732,1,12,10,0.099365,2,2,1934.923,24.0
1,1,733,1,12,10,0.71582,0,0,1937.089,24.0
1,1,734,1,12,10,0.432861,1,1,1938.972,24.0
1,1,735,1,12,10,0.082764,2,2,1940.472,24.0
1,1,736,1,12,10,0.432861,0,1,1942.355,24.0
1,1,737,1,12,10,1.616455,1,1,1945.355,24.0
1,1,738,1,12,10,0.066162,2,2,1946.838,24.0
1,1,739,1,12,10,0.216553,0,0,1948.505,24.0
1,1,740,1,12,10,1.599609,2,1,1951.554,24.0
1,1,741,1,12,10,0.766357,2,2,1953.721,24.0
1,1,742,1,12,10,0.532715,0,0,1955.704,24.0
1,1,743,1,12,10,0.249756,1,1,1957.404,24.0
1,1,744,1,12,10,0.300049,2,2,1959.12,24.0
1,1,745,1,12,10,0.16626,0,0,1960.737,24.0
1,1,746,1,12,10,0.299561,1,1,1962.486,24.0
1,1,747,1,12,10,0.165772,2,2,1964.07,24.0
1,1,748,1,12,10,0.199707,0,0,1965.719,24.0
1,1,749,1,12,10,0.249512,1,1,1967.419,24.0
1,1,750,1,12,10,0.049561,2,2,1968.886,24.0
1,1,751,1,12,10,0.132568,0,0,1970.469,24.0
1,1,752,1,12,10,1.566162,1,1,1973.485,24.0
1,1,753,1,12,10,1.316406,2,2,1976.218,24.0
1,1,754,1,12,10,0.132813,0,0,1977.801,24.0
1,1,755,1,12,10,0.416016,1,1,1979.668,24.0
1,1,756,1,12,10,0.216797,2,2,1981.301,24.0
1,1,757,1,12,10,0.532715,0,0,1983.284,24.0
1,1,758,1,12,10,0.183106,1,1,1984.918,24.0
1,1,759,1,12,10,0.015869,2,2,1986.35,24.0
1,1,760,1,12,10,0.182861,0,1,1987.984,24.0
1,1,761,1,12,10,3.083008,1,1,1992.45,24.0
1,1,762,1,12,10,0.016113,2,2,1993.883,24.0
1,1,763,1,12,10,0.200195,0,0,1995.533,24.0
1,1,764,1,12,10,0.449951,1,1,1997.433,24.0
1,1,765,1,12,10,0.282959,2,2,1999.132,24.0
1,1,766,1,12,10,0.566162,0,0,2001.149,24.0
1,1,767,1,12,10,0.349609,1,1,2002.949,24.0
1,1,768,1,12,10,0.216309,2,2,2004.582,24.0
1,1,769,1,12,10,0.166504,0,0,2006.198,24.0
1,1,770,1,12,10,0.566406,1,1,2008.215,24.0
1,1,771,1,12,10,1.283203,2,2,2010.915,24.0
1,1,772,1,12,10,0.283447,0,0,2012.648,24.0
1,1,773,1,12,10,0.466309,1,1,2014.564,24.0
1,1,774,1,12,10,0.182861,2,2,2016.164,24.0
1,1,775,1,12,10,0.249756,0,0,2017.864,24.0
1,1,776,1,12,10,0.349365,1,1,2019.663,24.0
1,1,777,1,12,10,0.099854,2,2,2021.18,24.0
1,1,778,1,12,10,0.383057,0,1,2023.013,24.0
1,1,779,1,12,10,1.849609,2,1,2026.246,24.0
1,1,780,1,12,10,0.916016,2,2,2028.563,24.0
1,1,781,1,12,10,1.015869,1,1,2031.029,24.0
1,1,782,1,12,10,0.032715,2,1,2032.479,24.0
1,1,783,1,12,10,1.482422,2,2,2035.362,24.0
1,1,784,1,12,10,0.366211,1,0,2037.178,24.0
1,1,785,1,12,10,1.799805,1,1,2040.628,24.0
1,1,786,1,12,10,0.116455,2,2,2042.161,24.0
1,1,787,1,12,10,0.31665,0,1,2043.928,24.0
1,1,788,1,12,10,2.049316,1,1,2047.36,24.0
1,1,789,1,12,10,0.332031,2,2,2049.11,24.0
1,1,790,1,12,10,0.833252,1,1,2051.393,24.0
1,1,791,1,12,10,0.299316,0,1,2053.11,24.0
1,1,792,1,12,10,1.616699,2,2,2056.11,24.0
1,1,793,1,12,10,0.399414,1,1,2057.959,24.0
1,1,794,1,12,10,0.96582,2,1,2060.343,24.0
1,1,795,1,12,10,2.683105,2,2,2064.426,24.0
1,1,796,1,12,10,0.316406,1,0,2066.192,24.0
1,1,797,1,12,10,1.649414,1,1,2069.492,24.0
1,1,798,1,12,10,1.61499,2,2,2072.524,24.0
1,1,799,1,12,10,0.599854,1,0,2074.575,24.0
1,1,800,1,12,10,1.149414,1,1,2077.374,24.0
1,1,801,1,12,10,0.198975,2,2,2078.99,24.0
1,1,802,1,12,10,0.183106,0,0,2080.624,24.0
1,1,803,1,12,10,0.516113,1,1,2082.59,24.0
1,1,804,1,12,10,0.41626,2,2,2084.423,24.0
1,1,805,1,12,10,0.466309,0,0,2086.34,24.0
1,1,806,1,12,10,0.38208,1,1,2088.172,24.0
1,1,807,1,12,10,0.266602,2,2,2089.856,24.0
1,1,808,1,12,10,0.282959,0,0,2091.59,24.0
1,1,809,1,12,10,0.199707,1,1,2093.239,24.0
1,1,810,1,12,10,0.232422,2,2,2094.889,24.0
1,1,811,1,12,10,0.333252,1,1,2096.672,24.0
1,1,812,1,12,10,0.999756,2,1,2099.089,24.0
1,1,813,1,12,10,0.699951,1,2,2101.188,24.0
1,1,814,1,12,10,4.215576,1,0,2107.054,24.0
1,1,815,1,12,10,0.149902,1,1,2108.854,24.0
1,1,816,1,12,10,0.332764,2,2,2110.604,24.0
1,1,817,1,12,10,1.032715,0,0,2113.087,24.0
1,1,818,1,12,10,0.31665,1,1,2114.854,24.0
1,1,819,1,12,10,0.216309,2,2,2116.487,24.0
1,1,820,1,12,10,0.383057,0,0,2118.32,24.0
1,1,821,1,12,10,0.132813,1,1,2119.903,24.0
1,1,822,1,12,10,0.132813,2,2,2121.453,24.0
1,1,823,1,12,10,0.266357,0,0,2123.169,24.0
1,1,824,1,12,10,0.266113,1,1,2124.885,24.0
1,1,825,1,12,10,0.133057,2,2,2126.436,24.0
1,1,826,1,12,10,0.233154,0,0,2128.119,24.0
1,1,827,1,12,10,0.466553,1,1,2130.035,24.0
1,1,828,1,12,10,0.282471,2,2,2131.735,24.0
1,1,829,1,12,10,0.216309,0,0,2133.402,24.0
1,1,830,1,12,10,0.083008,1,1,2134.935,24.0
1,1,831,1,12,10,0.033203,2,2,2136.385,24.0
1,1,832,1,12,10,0.183594,0,0,2138.018,24.0
1,1,833,1,12,10,0.550049,1,1,2140.018,24.0
1,1,834,1,12,10,0.133301,2,2,2141.568,24.0
1,1,835,1,12,10,0.583008,0,0,2143.6,24.0
1,1,836,1,12,10,0.483398,1,1,2145.534,24.0
1,1,837,1,12,10,0.06665,2,2,2147.017,24.0
1,1,838,1,12,10,0.015625,0,0,2148.483,24.0
1,1,839,1,12,10,0.366455,1,1,2150.3,24.0
1,1,840,1,12,10,0.015869,2,2,2151.733,24.0
1,1,841,1,12,10,0.116211,0,0,2153.299,24.0
1,1,842,1,12,10,0.25,1,1,2154.999,24.0
1,1,843,1,12,10,0.082764,2,2,2156.499,24.0
1,1,844,1,12,10,0.049561,0,0,2157.999,24.0
1,1,845,1,12,10,0.266602,1,1,2159.716,24.0
1,1,846,1,12,10,0.199951,2,2,2161.332,24.0
1,1,847,1,12,10,0.833008,0,0,2163.615,24.0
1,1,848,1,12,10,0.31543,1,1,2165.381,24.0
1,1,849,1,12,10,0.066406,2,2,2166.865,24.0
1,1,850,1,12,10,0.333496,0,0,2168.648,24.0
1,1,851,1,12,10,0.06665,1,1,2170.165,24.0
1,1,852,1,12,10,0.083008,2,2,2171.664,24.0
1,1,853,1,12,10,0.16626,0,0,2173.281,24.0
1,1,854,1,12,10,0.066162,1,1,2174.797,24.0
1,1,855,1,12,10,0.182861,2,2,2176.397,24.0
1,1,856,1,12,10,0.199951,0,0,2178.047,24.0
1,1,857,1,12,10,0.133057,1,1,2179.63,24.0
1,1,858,1,12,10,0.066162,2,2,2181.113,24.0
1,1,859,1,12,10,0.032715,0,0,2182.596,24.0
1,1,860,1,12,10,0.049072,1,1,2184.096,24.0
1,1,861,1,12,10,0.198975,2,2,2185.713,24.0
1,1,862,1,12,10,0.083252,0,0,2187.246,24.0
1,1,863,1,12,10,0.049316,1,1,2188.745,24.0
1,1,864,1,12,10,0.066406,2,2,2190.229,24.0
1,1,865,1,12,10,0.499268,0,0,2192.178,24.0
1,1,866,1,12,10,0.016113,1,1,2193.645,24.0
1,1,867,1,12,10,0.199463,2,2,2195.261,24.0
1,1,868,1,12,10,0.149658,0,1,2196.861,24.0
1,1,869,1,12,10,3.666016,2,1,2201.911,24.0
1,1,870,1,12,10,1.949707,2,2,2205.26,24.0
1,1,871,1,12,10,0.299561,1,1,2207.01,24.0
1,1,872,1,12,10,1.13208,2,1,2209.56,24.0
1,1,873,1,12,10,2.016357,2,2,2212.977,24.0
1,1,874,1,12,10,0.399658,1,0,2214.826,24.0
1,1,875,1,12,10,1.383301,1,1,2217.859,24.0
1,1,876,1,12,10,0.065918,2,2,2219.342,24.0
1,1,877,1,12,10,0.949463,0,0,2221.742,24.0
1,1,878,1,12,10,0.266357,1,1,2223.458,24.0
1,1,879,1,12,10,0.066406,2,2,2224.942,24.0
1,1,880,1,12,10,1.049316,0,0,2227.441,24.0
1,1,881,1,12,10,0.133057,1,1,2229.025,24.0
1,1,882,1,12,10,0.233154,2,2,2230.675,24.0
1,1,883,1,12,10,0.399414,0,0,2232.524,24.0
1,1,884,1,12,10,0.199707,1,1,2234.174,24.0
1,1,885,1,12,10,0.182861,2,2,2235.774,24.0
1,1,886,1,12,10,0.015869,0,0,2237.24,24.0
1,1,887,1,12,10,1.083008,1,1,2239.774,24.0
1,1,888,1,12,10,1.566162,2,2,2242.757,24.0
1,1,889,1,12,10,0.366211,0,0,2244.573,24.0
1,1,890,1,12,10,0.199707,1,1,2246.223,24.0
1,1,891,1,12,10,0.199219,2,2,2247.839,24.0
1,1,892,1,12,10,0.199463,0,0,2249.489,24.0
1,1,893,1,12,10,0.083252,1,1,2251.022,24.0
1,1,894,1,12,10,0.249756,2,2,2252.688,24.0
1,1,895,1,12,10,0.316895,0,1,2254.456,24.0
1,1,896,1,12,10,1.083008,1,1,2256.922,24.0
1,1,897,1,12,10,0.349609,2,2,2258.688,24.0
1,1,898,1,12,10,0.23291,0,1,2260.371,24.0
1,1,899,1,12,10,2.032715,2,1,2263.787,24.0
1,1,900,1,12,10,1.015625,2,2,2266.204,24.0
1,1,901,1,12,10,1.032959,0,0,2268.687,24.0
1,1,902,1,12,10,0.266113,1,1,2270.404,24.0
1,1,903,1,12,10,0.949707,2,2,2272.77,24.0
1,1,904,1,12,10,0.149658,0,0,2274.37,24.0
1,1,905,1,12,10,0.116699,1,1,2275.937,24.0
1,1,906,1,12,10,1.199951,2,2,2278.553,24.0
1,1,907,1,12,10,0.566406,0,0,2280.569,24.0
1,1,908,1,12,10,0.749756,1,1,2282.769,24.0
1,1,909,1,12,10,1.133057,2,2,2285.319,24.0
1,1,910,1,12,10,0.433106,0,0,2287.202,24.0
1,1,911,1,12,10,0.216553,1,1,2288.868,24.0
1,1,912,1,12,10,0.099365,2,2,2290.385,24.0
1,1,913,1,12,10,0.183106,0,0,2292.018,24.0
1,1,914,1,12,10,0.049805,1,1,2293.518,24.0
1,1,915,1,12,10,0.149902,2,2,2295.084,24.0
1,1,916,1,12,10,0.23291,0,0,2296.767,24.0
1,1,917,1,12,10,0.565918,1,1,2298.784,24.0
1,1,918,1,12,10,0.083252,2,2,2300.284,24.0
1,1,919,1,12,10,0.182861,0,0,2301.917,24.0
1,1,920,1,12,10,0.149414,1,1,2303.517,24.0
1,1,921,1,12,10,0.249512,2,2,2305.183,24.0
1,1,922,1,12,10,0.799805,0,0,2307.433,24.0
1,1,923,1,12,10,0.116455,1,1,2309.0,24.0
1,1,924,1,12,10,0.182861,2,2,2310.599,24.0
1,1,925,1,12,10,0.233398,0,1,2312.282,24.0
1,1,926,1,12,10,1.066406,1,1,2314.732,24.0
1,1,927,1,12,10,0.649902,2,2,2316.799,24.0
1,1,928,1,12,10,0.95044,0,1,2319.198,24.0
1,1,929,1,12,10,1.882813,2,1,2322.465,24.0
1,1,930,1,12,10,0.665772,2,2,2324.531,24.0
1,1,931,1,12,10,1.716553,0,0,2327.698,24.0
1,1,932,1,12,10,0.383057,1,1,2329.531,24.0
1,1,933,1,12,10,1.23291,2,2,2332.18,24.0
1,1,934,1,12,10,2.016357,0,1,2335.647,24.0
1,1,935,1,12,10,3.316162,1,1,2340.346,24.0
1,1,936,1,12,10,0.5,2,2,2342.263,24.0
1,1,937,1,12,10,1.332764,0,0,2345.045,24.0
1,1,938,1,12,10,0.516357,1,1,2347.012,24.0
1,1,939,1,12,10,0.56665,2,2,2348.995,24.0
1,1,940,1,12,10,0.283203,0,0,2350.728,24.0
1,1,941,1,12,10,0.333252,1,1,2352.511,24.0
1,1,942,1,12,10,0.216065,2,2,2354.145,24.0
1,1,943,1,12,10,0.299805,0,0,2355.895,24.0
1,1,944,1,12,10,0.467041,1,1,2357.811,24.0
1,1,945,1,12,10,0.416748,2,2,2359.644,24.0
1,1,946,1,12,10,0.149902,0,0,2361.244,24.0
1,1,947,1,12,10,0.782959,1,1,2363.477,24.0
1,1,948,1,12,10,0.216309,2,2,2365.11,24.0
1,1,949,1,12,10,0.949463,0,0,2367.51,24.0
1,1,950,1,12,10,0.23291,1,1,2369.193,24.0
1,1,951,1,12,10,0.25,2,2,2370.86,24.0
1,1,952,1,12,10,0.31665,0,0,2372.626,24.0
1,1,953,1,12,10,0.73291,1,1,2374.809,24.0
1,1,954,1,12,10,1.732666,2,2,2377.959,24.0
1,1,955,1,12,10,1.199951,0,1,2380.608,24.0
1,1,956,1,12,10,0.782715,1,1,2382.775,24.0
1,1,957,1,12,10,0.616211,2,2,2384.808,24.0
1,1,958,1,12,10,0.332764,0,0,2386.591,24.0
1,1,959,1,12,10,0.483398,1,1,2388.524,24.0
1,1,960,1,12,10,0.266602,2,2,2390.208,24.0
1,1,961,1,12,10,1.08252,0,0,2392.74,24.0
1,1,962,1,12,10,0.449707,1,1,2394.64,24.0
1,1,963,1,12,10,0.365967,2,2,2396.423,24.0
1,1,964,1,12,10,0.466309,0,0,2398.34,24.0
1,1,965,1,12,10,0.082764,1,1,2399.873,24.0
1,1,966,1,12,10,0.099854,2,2,2401.39,24.0
1,1,967,1,12,10,0.232666,0,0,2403.073,24.0
1,1,968,1,12,10,0.166016,1,1,2404.689,24.0
1,1,969,1,12,10,0.233398,2,2,2406.339,24.0
1,1,970,1,12,10,1.316406,0,1,2409.105,24.0
1,1,971,1,12,10,0.799316,1,1,2411.289,24.0
1,1,972,1,12,10,0.616455,2,2,2413.322,24.0
1,1,973,1,12,10,0.98291,1,0,2415.754,24.0
1,1,974,1,12,10,0.16626,1,1,2417.571,24.0
1,1,975,1,12,10,0.299316,2,2,2419.287,24.0
1,1,976,1,12,10,0.91626,0,0,2421.654,24.0
1,1,977,1,12,10,0.383057,1,1,2423.487,24.0
1,1,978,1,12,10,1.433105,2,2,2426.337,24.0
1,1,979,1,12,10,0.449707,0,0,2428.237,24.0
1,1,980,1,12,10,0.349609,1,1,2430.036,24.0
1,1,981,1,12,10,0.466309,2,2,2431.92,24.0
1,1,982,1,12,10,0.23291,0,0,2433.603,24.0
1,1,983,1,12,10,0.14917,1,1,2435.202,24.0
1,1,984,1,12,10,0.283203,2,2,2436.901,24.0
1,1,985,1,12,10,0.216797,0,0,2438.568,24.0
1,1,986,1,12,10,0.233398,1,1,2440.251,24.0
1,1,987,1,12,10,0.216309,2,2,2441.885,24.0
1,1,988,1,12,10,0.716309,0,0,2444.052,24.0
1,1,989,1,12,10,0.882813,1,1,2446.384,24.0
1,1,990,1,12,10,0.499512,2,2,2448.301,24.0
1,1,991,1,12,10,0.716553,0,0,2450.468,24.0
1,1,992,1,12,10,0.66626,1,1,2452.584,24.0
1,1,993,1,12,10,0.082764,2,2,2454.084,24.0
1,1,994,1,12,10,0.616211,0,0,2456.15,24.0
1,1,995,1,12,10,0.583252,1,1,2458.184,24.0
1,1,996,1,12,10,0.116699,2,2,2459.717,24.0
1,1,997,1,12,10,0.316895,0,0,2461.484,24.0
1,1,998,1,12,10,0.08252,1,1,2463.016,24.0
1,1,999,1,12,10,0.166748,2,2,2464.6,24.0
1,1,1000,1,12,10,1.249268,0,1,2467.299,24.0
