1,1,1,1,12,2,50.83841,0,1,9.0
1,1,2,1,12,2,4.057709,2,2,9.0
1,1,3,1,12,2,3.016205,0,1,9.0
1,1,4,1,12,2,0.941101,1,1,9.0
1,1,5,1,12,2,2.009918,0,2,9.0
1,1,6,1,12,2,1.641998,2,1,9.0
1,1,7,1,12,2,0.97171,1,1,9.0
1,1,8,1,12,2,1.917389,1,2,9.0
1,1,9,1,12,2,2.923279,0,0,9.0
1,1,10,1,12,2,1.423676,0,1,9.0
1,1,11,1,12,2,0.720215,2,2,9.0
1,1,12,1,12,2,1.255981,1,1,9.0
1,1,13,1,12,2,1.269806,1,1,9.0
1,1,14,1,12,2,1.12619,2,2,9.0
1,1,15,1,12,2,1.286896,0,0,9.0
1,1,16,1,12,2,2.798706,2,1,9.0
1,1,17,1,12,2,1.384888,1,2,9.0
1,1,18,1,12,2,1.138794,2,0,9.0
1,1,19,1,12,2,0.384796,0,1,9.0
1,1,20,1,12,2,2.091827,1,2,9.0
1,1,21,1,12,2,1.724915,2,0,9.0
1,1,22,1,12,2,0.787109,0,1,9.0
1,1,23,1,12,2,0.670685,1,2,9.0
1,1,24,1,12,2,0.351624,1,0,9.0
1,1,25,1,12,2,1.743683,2,1,9.0
1,1,26,1,12,2,1.407227,2,2,9.0
1,1,27,1,12,2,1.088593,2,0,9.0
1,1,28,1,12,2,0.8367,0,1,9.0
1,1,29,1,12,2,0.553619,1,2,9.0
1,1,30,1,12,2,1.9133,2,1,9.0
1,1,31,1,12,2,0.820404,0,1,9.0
1,1,32,1,12,2,0.502594,1,2,9.0
1,1,33,1,12,2,0.652802,2,0,9.0
1,1,34,1,12,2,0.958405,2,1,9.0
1,1,35,1,12,2,2.279114,1,2,9.0
1,1,36,1,12,2,0.391388,2,0,9.0
1,1,37,1,12,2,0.853699,2,1,9.0
1,1,38,1,12,2,0.51889,2,2,9.0
1,1,39,1,12,2,14.0885,2,0,9.0
1,1,40,1,12,2,2.822906,0,1,9.0
1,1,41,1,12,2,0.769318,0,2,9.0
1,1,42,1,12,2,2.824585,2,0,9.0
1,1,43,1,12,2,0.480194,2,1,9.0
1,1,44,1,12,2,0.487701,1,2,9.0
1,1,45,1,12,2,2.008728,2,0,9.0
1,1,46,1,12,2,0.826294,2,1,9.0
1,1,47,1,12,2,0.617889,2,2,9.0
1,1,48,1,12,2,10.92841,1,1,9.0
1,1,49,1,12,2,2.710999,0,1,9.0
1,1,50,1,12,2,0.671082,0,2,9.0
1,1,51,1,12,2,0.73468,1,0,9.0
1,1,52,1,12,2,0.318207,1,1,9.0
1,1,53,1,12,2,3.199615,2,2,9.0
1,1,54,1,12,2,0.635498,2,0,9.0
1,1,55,1,12,2,1.607208,0,1,9.0
1,1,56,1,12,2,2.8638,1,2,9.0
1,1,57,1,12,2,1.526398,1,0,9.0
1,1,58,1,12,2,1.072296,2,1,9.0
1,1,59,1,12,2,0.670105,2,2,9.0
1,1,60,1,12,2,2.395416,0,0,9.0
1,1,61,1,12,2,1.574982,2,1,9.0
1,1,62,1,12,2,0.988403,0,2,9.0
1,1,63,1,12,2,0.603394,1,0,9.0
1,1,64,1,12,2,0.737,0,1,9.0
1,1,65,1,12,2,0.604889,2,2,9.0
1,1,66,1,12,2,0.88739,2,0,9.0
1,1,67,1,12,2,0.869812,0,1,9.0
1,1,68,1,12,2,1.677002,2,2,9.0
1,1,69,1,12,2,0.970123,0,0,9.0
1,1,70,1,12,2,0.51947,1,1,9.0
1,1,71,1,12,2,1.073425,2,2,9.0
1,1,72,1,12,2,1.121796,0,0,9.0
1,1,73,1,12,2,0.518677,1,1,9.0
1,1,74,1,12,2,0.58551,2,2,9.0
1,1,75,1,12,2,0.402344,0,0,9.0
1,1,76,1,12,2,0.350891,1,1,9.0
1,1,77,1,12,2,0.417664,2,2,9.0
1,1,78,1,12,2,0.418518,0,1,9.0
1,1,79,1,12,2,1.006042,0,1,9.0
1,1,80,1,12,2,0.605591,0,2,9.0
1,1,81,1,12,2,1.541809,1,1,9.0
1,1,82,1,12,2,0.820618,1,1,9.0
1,1,83,1,12,2,0.838562,1,2,9.0
1,1,84,1,12,2,1.155151,2,1,9.0
1,1,85,1,12,2,0.536072,0,1,9.0
1,1,86,1,12,2,0.402588,0,2,9.0
1,1,87,1,12,2,2.428528,1,0,9.0
1,1,88,1,12,2,0.38446,1,1,9.0
1,1,89,1,12,2,1.2229,2,2,9.0
1,1,90,1,12,2,1.240112,2,0,9.0
1,1,91,1,12,2,1.40448,0,1,9.0
1,1,92,1,12,2,0.988281,1,2,9.0
1,1,93,1,12,2,1.03949,2,0,9.0
1,1,94,1,12,2,1.223999,2,1,9.0
1,1,95,1,12,2,0.39978,2,2,9.0
1,1,96,1,12,2,1.122131,2,0,9.0
1,1,97,1,12,2,0.418701,2,1,9.0
1,1,98,1,12,2,0.452271,2,2,9.0
1,1,99,1,12,2,0.654541,2,0,9.0
1,1,100,1,12,2,0.905884,0,1,9.0
1,1,101,1,12,2,0.804504,0,2,9.0
1,1,102,1,12,2,1.038086,0,1,9.0
1,1,103,1,12,2,0.656311,0,1,9.0
1,1,104,1,12,2,0.6875,0,2,9.0
1,1,105,1,12,2,0.720703,0,0,9.0
1,1,106,1,12,2,0.889099,1,1,9.0
1,1,107,1,12,2,0.752686,1,2,9.0
1,1,108,1,12,2,0.88855,2,1,9.0
1,1,109,1,12,2,0.870117,0,1,9.0
1,1,110,1,12,2,0.954224,1,2,9.0
1,1,111,1,12,2,1.240112,2,1,9.0
1,1,112,1,12,2,1.25708,2,1,9.0
1,1,113,1,12,2,0.870239,2,2,9.0
1,1,114,1,12,2,1.256592,0,1,9.0
1,1,115,1,12,2,1.055298,1,1,9.0
1,1,116,1,12,2,2.077087,0,2,9.0
1,1,117,1,12,2,1.289429,2,0,9.0
1,1,118,1,12,2,0.853088,2,1,9.0
1,1,119,1,12,2,0.821777,2,2,9.0
1,1,120,1,12,2,0.853577,2,0,9.0
1,1,121,1,12,2,0.616272,0,1,9.0
1,1,122,1,12,2,0.720703,0,2,9.0
1,1,123,1,12,2,0.468811,0,1,9.0
1,1,124,1,12,2,1.507568,1,1,9.0
1,1,125,1,12,2,1.89502,2,2,9.0
1,1,126,1,12,2,1.406006,1,0,9.0
1,1,127,1,12,2,1.037476,1,1,9.0
1,1,128,1,12,2,1.089294,0,2,9.0
1,1,129,1,12,2,1.356506,2,0,9.0
1,1,130,1,12,2,13.99023,2,1,9.0
1,1,131,1,12,2,1.959839,0,2,9.0
1,1,132,1,12,2,1.273071,0,0,9.0
1,1,133,1,12,2,2.260681,2,1,9.0
1,1,134,1,12,2,0.853455,2,2,9.0
1,1,135,1,12,2,0.56958,1,1,9.0
1,1,136,1,12,2,1.173767,1,1,9.0
1,1,137,1,12,2,1.114868,0,2,9.0
1,1,138,1,12,2,0.586853,2,0,9.0
1,1,139,1,12,2,0.518494,2,1,9.0
1,1,140,1,12,2,0.434204,2,2,9.0
1,1,141,1,12,2,0.75238,1,0,9.0
1,1,142,1,12,2,0.450684,1,1,9.0
1,1,143,1,12,2,2.563843,1,2,9.0
1,1,144,1,12,2,0.988525,2,1,9.0
1,1,145,1,12,2,1.658997,2,1,9.0
1,1,146,1,12,2,1.27301,2,2,9.0
1,1,147,1,12,2,3.117676,0,0,9.0
1,1,148,1,12,2,1.173279,1,1,9.0
1,1,149,1,12,2,1.99231,0,2,9.0
1,1,150,1,12,2,0.65448,2,0,9.0
1,1,151,1,12,2,1.893311,1,1,9.0
1,1,152,1,12,2,2.110596,0,2,9.0
1,1,153,1,12,2,2.059814,2,0,9.0
1,1,154,1,12,2,1.741516,1,1,9.0
1,1,155,1,12,2,2.613586,0,2,9.0
1,1,156,1,12,2,1.037598,2,0,9.0
1,1,157,1,12,2,0.905212,2,1,9.0
1,1,158,1,12,2,1.65979,2,2,9.0
1,1,159,1,12,2,1.289917,2,0,9.0
1,1,160,1,12,2,1.088257,0,1,9.0
1,1,161,1,12,2,0.434143,1,2,9.0
1,1,162,1,12,2,0.302002,1,0,9.0
1,1,163,1,12,2,0.286987,1,1,9.0
1,1,164,1,12,2,1.493103,0,2,9.0
1,1,165,1,12,2,1.248108,0,1,9.0
1,1,166,1,12,2,0.503601,1,1,9.0
1,1,167,1,12,2,1.039185,0,2,9.0
1,1,168,1,12,2,1.138794,2,0,9.0
1,1,169,1,12,2,1.592224,2,1,9.0
1,1,170,1,12,2,1.038696,1,2,9.0
1,1,171,1,12,2,1.775635,0,0,9.0
1,1,172,1,12,2,1.424988,1,1,9.0
1,1,173,1,12,2,0.922363,2,2,9.0
1,1,174,1,12,2,1.507324,0,0,9.0
1,1,175,1,12,2,1.020691,1,1,9.0
1,1,176,1,12,2,1.30658,2,2,9.0
1,1,177,1,12,2,0.720154,0,0,9.0
1,1,178,1,12,2,0.57019,1,1,9.0
1,1,179,1,12,2,0.567139,2,2,9.0
1,1,180,1,12,2,0.285095,0,0,9.0
1,1,181,1,12,2,0.619629,1,1,9.0
1,1,182,1,12,2,0.469116,2,2,9.0
1,1,183,1,12,2,0.452515,0,0,9.0
1,1,184,1,12,2,0.518738,1,1,9.0
1,1,185,1,12,2,0.435547,2,2,9.0
1,1,186,1,12,2,0.470459,0,0,9.0
1,1,187,1,12,2,0.04895,1,1,9.0
1,1,188,1,12,2,0.385193,2,2,9.0
1,1,189,1,12,2,0.067078,0,1,9.0
1,1,190,1,12,2,3.985718,1,1,9.0
1,1,191,1,12,2,0.870361,2,2,9.0
1,1,192,1,12,2,0.569702,0,1,9.0
1,1,193,1,12,2,1.089172,1,1,9.0
1,1,194,1,12,2,0.637146,2,2,9.0
1,1,195,1,12,2,0.871521,0,0,9.0
1,1,196,1,12,2,0.489075,1,1,9.0
1,1,197,1,12,2,0.535584,2,2,9.0
1,1,198,1,12,2,0.418518,0,0,9.0
1,1,199,1,12,2,0.904419,1,1,9.0
1,1,200,1,12,2,0.487122,2,2,9.0
1,1,201,1,12,2,0.703491,0,1,9.0
1,1,202,1,12,2,3.433777,1,1,9.0
1,1,203,1,12,2,0.65387,2,2,9.0
1,1,204,1,12,2,0.887695,0,0,9.0
1,1,205,1,12,2,0.887756,1,1,9.0
1,1,206,1,12,2,0.704468,2,2,9.0
1,1,207,1,12,2,0.838562,0,0,9.0
1,1,208,1,12,2,0.486694,1,1,9.0
1,1,209,1,12,2,0.753357,2,2,9.0
1,1,210,1,12,2,0.452576,0,0,9.0
1,1,211,1,12,2,0.347229,1,1,9.0
1,1,212,1,12,2,0.218933,2,2,9.0
1,1,213,1,12,2,0.468811,0,0,9.0
1,1,214,1,12,2,0.334717,1,1,9.0
1,1,215,1,12,2,0.183106,2,2,9.0
1,1,216,1,12,2,0.719788,0,0,9.0
1,1,217,1,12,2,0.301697,1,1,9.0
1,1,218,1,12,2,0.350586,2,2,9.0
1,1,219,1,12,2,0.319153,0,1,9.0
1,1,220,1,12,2,3.048706,1,1,9.0
1,1,221,1,12,2,0.6026,2,2,9.0
1,1,222,1,12,2,0.736206,0,1,9.0
1,1,223,1,12,2,1.776123,2,1,9.0
1,1,224,1,12,2,1.175598,2,2,9.0
1,1,225,1,12,2,0.954041,2,1,9.0
1,1,226,1,12,2,0.520142,2,1,9.0
1,1,227,1,12,2,0.603882,2,2,9.0
1,1,228,1,12,2,0.872315,1,0,9.0
1,1,229,1,12,2,0.419434,1,1,9.0
1,1,230,1,12,2,0.989502,0,2,9.0
1,1,231,1,12,2,2.060913,2,0,9.0
1,1,232,1,12,2,0.35083,2,1,9.0
1,1,233,1,12,2,0.451721,2,2,9.0
1,1,234,1,12,2,0.3172,2,0,9.0
1,1,235,1,12,2,0.738281,2,1,9.0
1,1,236,1,12,2,0.703003,2,2,9.0
1,1,237,1,12,2,1.322144,1,0,9.0
1,1,238,1,12,2,0.099121,1,1,9.0
1,1,239,1,12,2,1.190613,2,2,9.0
1,1,240,1,12,2,1.054871,0,0,9.0
1,1,241,1,12,2,0.569153,1,1,9.0
1,1,242,1,12,2,0.483215,2,2,9.0
1,1,243,1,12,2,0.737427,0,1,9.0
1,1,244,1,12,2,2.295898,0,1,9.0
1,1,245,1,12,2,0.284668,1,2,9.0
1,1,246,1,12,2,0.251221,2,0,9.0
1,1,247,1,12,2,0.552124,2,1,9.0
1,1,248,1,12,2,0.386719,2,2,9.0
1,1,249,1,12,2,0.383362,2,0,9.0
1,1,250,1,12,2,6.484131,2,1,9.0
1,1,251,1,12,2,2.396912,0,2,9.0
1,1,252,1,12,2,2.027283,0,0,9.0
1,1,253,1,12,2,0.654114,1,1,9.0
1,1,254,1,12,2,0.871277,2,2,9.0
1,1,255,1,12,2,1.104614,0,1,9.0
1,1,256,1,12,2,1.407654,0,1,9.0
1,1,257,1,12,2,0.936707,1,2,9.0
1,1,258,1,12,2,0.100403,2,0,9.0
1,1,259,1,12,2,0.720825,2,1,9.0
1,1,260,1,12,2,0.369446,2,2,9.0
1,1,261,1,12,2,0.285278,2,0,9.0
1,1,262,1,12,2,0.989807,1,1,9.0
1,1,263,1,12,2,0.586609,2,2,9.0
1,1,264,1,12,2,0.888306,0,0,9.0
1,1,265,1,12,2,0.469788,1,1,9.0
1,1,266,1,12,2,0.502502,2,2,9.0
1,1,267,1,12,2,1.557007,0,0,9.0
1,1,268,1,12,2,0.635986,1,1,9.0
1,1,269,1,12,2,1.171936,2,2,9.0
1,1,270,1,12,2,0.843506,0,0,9.0
1,1,271,1,12,2,0.471802,1,1,9.0
1,1,272,1,12,2,0.368713,2,2,9.0
1,1,273,1,12,2,0.419861,0,0,9.0
1,1,274,1,12,2,0.285156,1,1,9.0
1,1,275,1,12,2,0.621948,2,2,9.0
1,1,276,1,12,2,1.992981,0,0,9.0
1,1,277,1,12,2,0.33606,1,1,9.0
1,1,278,1,12,2,0.501465,2,2,9.0
1,1,279,1,12,2,0.317139,0,0,9.0
1,1,280,1,12,2,0.384827,1,1,9.0
1,1,281,1,12,2,0.35144,2,2,9.0
1,1,282,1,12,2,0.233765,0,0,9.0
1,1,283,1,12,2,0.35144,1,1,9.0
1,1,284,1,12,2,0.368652,2,2,9.0
1,1,285,1,12,2,0.267944,0,0,9.0
1,1,286,1,12,2,0.535278,1,1,9.0
1,1,287,1,12,2,0.820313,2,2,9.0
1,1,288,1,12,2,0.384399,0,0,9.0
1,1,289,1,12,2,0.284058,1,1,9.0
1,1,290,1,12,2,0.368286,2,2,9.0
1,1,291,1,12,2,0.352905,0,0,9.0
1,1,292,1,12,2,0.335083,1,1,9.0
1,1,293,1,12,2,0.435791,2,2,9.0
1,1,294,1,12,2,0.184204,0,0,9.0
1,1,295,1,12,2,0.351929,1,1,9.0
1,1,296,1,12,2,0.502564,2,2,9.0
1,1,297,1,12,2,0.285278,0,0,9.0
1,1,298,1,12,2,0.067871,1,1,9.0
1,1,299,1,12,2,0.836304,2,2,9.0
1,1,300,1,12,2,0.368774,0,1,9.0
1,1,301,1,12,2,2.295776,2,1,9.0
1,1,302,1,12,2,1.608276,2,2,9.0
1,1,303,1,12,2,1.073608,0,0,9.0
1,1,304,1,12,2,0.201538,1,1,9.0
1,1,305,1,12,2,0.501831,2,2,9.0
1,1,306,1,12,2,0.453857,0,0,9.0
1,1,307,1,12,2,0.166626,1,1,9.0
1,1,308,1,12,2,0.519287,2,2,9.0
1,1,309,1,12,2,0.436401,0,0,9.0
1,1,310,1,12,2,0.285645,1,1,9.0
1,1,311,1,12,2,0.234009,2,2,9.0
1,1,312,1,12,2,0.250244,0,0,9.0
1,1,313,1,12,2,0.302246,1,1,9.0
1,1,314,1,12,2,0.335205,2,2,9.0
1,1,315,1,12,2,0.588013,0,0,9.0
1,1,316,1,12,2,0.29895,1,1,9.0
1,1,317,1,12,2,0.183838,2,2,9.0
1,1,318,1,12,2,0.568848,0,1,9.0
1,1,319,1,12,2,1.053833,0,1,9.0
1,1,320,1,12,2,1.323364,0,2,9.0
1,1,321,1,12,2,0.687988,0,0,9.0
1,1,322,1,12,2,0.403198,1,1,9.0
1,1,323,1,12,2,0.16687,2,2,9.0
1,1,324,1,12,2,1.843872,0,0,9.0
1,1,325,1,12,2,0.266724,1,1,9.0
1,1,326,1,12,2,0.77002,2,2,9.0
1,1,327,1,12,2,2.529663,1,0,9.0
1,1,328,1,12,2,0.30188,1,1,9.0
1,1,329,1,12,2,0.668945,0,2,9.0
1,1,330,1,12,2,0.434326,0,0,9.0
1,1,331,1,12,2,0.418823,1,1,9.0
1,1,332,1,12,2,0.335449,2,2,9.0
1,1,333,1,12,2,0.68689,0,0,9.0
1,1,334,1,12,2,0.871094,1,1,9.0
1,1,335,1,12,2,1.371826,1,2,9.0
1,1,336,1,12,2,0.904053,0,0,9.0
1,1,337,1,12,2,0.234253,1,1,9.0
1,1,338,1,12,2,0.200562,2,2,9.0
1,1,339,1,12,2,0.854126,0,0,9.0
1,1,340,1,12,2,0.317749,1,1,9.0
1,1,341,1,12,2,0.514404,2,2,9.0
1,1,342,1,12,2,0.319214,0,0,9.0
1,1,343,1,12,2,0.318359,1,1,9.0
1,1,344,1,12,2,0.351196,2,2,9.0
1,1,345,1,12,2,0.870483,0,0,9.0
1,1,346,1,12,2,0.033936,1,1,9.0
1,1,347,1,12,2,0.419067,2,2,9.0
1,1,348,1,12,2,0.234985,0,1,9.0
1,1,349,1,12,2,3.050049,2,1,9.0
1,1,350,1,12,2,2.496338,2,2,9.0
1,1,351,1,12,2,0.434692,0,0,9.0
1,1,352,1,12,2,0.804443,1,1,9.0
1,1,353,1,12,2,0.57019,2,2,9.0
1,1,354,1,12,2,0.368164,0,0,9.0
1,1,355,1,12,2,0.334473,1,1,9.0
1,1,356,1,12,2,0.385498,2,2,9.0
1,1,357,1,12,2,0.5354,0,0,9.0
1,1,358,1,12,2,0.335938,1,1,9.0
1,1,359,1,12,2,0.384888,2,2,9.0
1,1,360,1,12,2,0.435425,0,0,9.0
1,1,361,1,12,2,0.336182,1,1,9.0
1,1,362,1,12,2,0.452637,2,2,9.0
1,1,363,1,12,2,0.687256,0,0,9.0
1,1,364,1,12,2,0.468872,1,1,9.0
1,1,365,1,12,2,0.485474,2,2,9.0
1,1,366,1,12,2,0.887817,0,0,9.0
1,1,367,1,12,2,0.552856,1,1,9.0
1,1,368,1,12,2,0.486694,2,2,9.0
1,1,369,1,12,2,0.57019,0,0,9.0
1,1,370,1,12,2,0.36853,1,1,9.0
1,1,371,1,12,2,0.436279,2,2,9.0
1,1,372,1,12,2,0.553589,0,0,9.0
1,1,373,1,12,2,0.283325,1,1,9.0
1,1,374,1,12,2,0.335571,2,2,9.0
1,1,375,1,12,2,0.670288,0,0,9.0
1,1,376,1,12,2,0.48584,1,1,9.0
1,1,377,1,12,2,0.452026,2,2,9.0
1,1,378,1,12,2,0.350342,0,0,9.0
1,1,379,1,12,2,0.167114,1,1,9.0
1,1,380,1,12,2,0.571045,2,2,9.0
1,1,381,1,12,2,0.720581,0,0,9.0
1,1,382,1,12,2,0.150391,1,1,9.0
1,1,383,1,12,2,0.167847,2,2,9.0
1,1,384,1,12,2,0.402344,0,1,9.0
1,1,385,1,12,2,0.469482,1,1,9.0
1,1,386,1,12,2,0.586548,2,2,9.0
1,1,387,1,12,2,0.721314,0,0,9.0
1,1,388,1,12,2,0.418335,1,1,9.0
1,1,389,1,12,2,0.369263,2,2,9.0
1,1,390,1,12,2,0.232788,0,1,9.0
1,1,391,1,12,2,1.223267,1,1,9.0
1,1,392,1,12,2,0.48584,2,2,9.0
1,1,393,1,12,2,0.569824,0,0,9.0
1,1,394,1,12,2,0.603272,1,1,9.0
1,1,395,1,12,2,0.418213,2,2,9.0
1,1,396,1,12,2,1.089233,0,1,9.0
1,1,397,1,12,2,0.585815,1,1,9.0
1,1,398,1,12,2,0.384644,2,2,9.0
1,1,399,1,12,2,0.318359,0,0,9.0
1,1,400,1,12,2,0.384888,1,1,9.0
1,1,401,1,12,2,0.486328,2,2,9.0
1,1,402,1,12,2,0.483887,0,0,9.0
1,1,403,1,12,2,0.385376,1,1,9.0
1,1,404,1,12,2,0.787354,2,2,9.0
1,1,405,1,12,2,0.55188,0,0,9.0
1,1,406,1,12,2,0.737549,1,1,9.0
1,1,407,1,12,2,0.670898,2,2,9.0
1,1,408,1,12,2,0.568726,0,1,9.0
1,1,409,1,12,2,0.319336,1,1,9.0
1,1,410,1,12,2,0.351563,2,2,9.0
1,1,411,1,12,2,0.418823,0,1,9.0
1,1,412,1,12,2,0.88562,1,1,9.0
1,1,413,1,12,2,0.351563,2,2,9.0
1,1,414,1,12,2,0.349487,0,0,9.0
1,1,415,1,12,2,0.336426,1,1,9.0
1,1,416,1,12,2,0.301514,2,2,9.0
1,1,417,1,12,2,0.585083,0,0,9.0
1,1,418,1,12,2,0.367554,1,1,9.0
1,1,419,1,12,2,0.367554,2,2,9.0
1,1,420,1,12,2,0.35083,0,0,9.0
1,1,421,1,12,2,0.067139,1,1,9.0
1,1,422,1,12,2,0.501831,2,2,9.0
1,1,423,1,12,2,0.2677,0,0,9.0
1,1,424,1,12,2,0.268189,1,1,9.0
1,1,425,1,12,2,0.367798,2,2,9.0
1,1,426,1,12,2,0.218872,0,0,9.0
1,1,427,1,12,2,0.217651,1,1,9.0
1,1,428,1,12,2,0.385376,2,2,9.0
1,1,429,1,12,2,0.737915,0,1,9.0
1,1,430,1,12,2,0.435303,1,1,9.0
1,1,431,1,12,2,0.216675,2,2,9.0
1,1,432,1,12,2,0.452271,0,0,9.0
1,1,433,1,12,2,0.334961,1,1,9.0
1,1,434,1,12,2,0.41919,2,2,9.0
1,1,435,1,12,2,0.554077,0,0,9.0
1,1,436,1,12,2,0.435913,1,1,9.0
1,1,437,1,12,2,0.251099,2,2,9.0
1,1,438,1,12,2,1.592041,0,0,9.0
1,1,439,1,12,2,0.38501,1,1,9.0
1,1,440,1,12,2,0.517822,2,2,9.0
1,1,441,1,12,2,0.317993,0,0,9.0
1,1,442,1,12,2,0.702637,1,1,9.0
1,1,443,1,12,2,0.435425,2,2,9.0
1,1,444,1,12,2,0.285278,0,0,9.0
1,1,445,1,12,2,0.301636,1,1,9.0
1,1,446,1,12,2,0.602539,2,2,9.0
1,1,447,1,12,2,0.418823,0,0,9.0
1,1,448,1,12,2,0.335327,1,1,9.0
1,1,449,1,12,2,0.418823,2,2,9.0
1,1,450,1,12,2,0.502441,0,0,9.0
1,1,451,1,12,2,0.871582,1,1,9.0
1,1,452,1,12,2,0.318481,2,2,9.0
1,1,453,1,12,2,0.904907,0,1,9.0
1,1,454,1,12,2,0.368286,1,1,9.0
1,1,455,1,12,2,0.183472,2,2,9.0
1,1,456,1,12,2,0.469482,0,0,9.0
1,1,457,1,12,2,0.436157,1,1,9.0
1,1,458,1,12,2,0.435669,2,2,9.0
1,1,459,1,12,2,0.268921,0,0,9.0
1,1,460,1,12,2,0.368408,1,1,9.0
1,1,461,1,12,2,0.166748,2,2,9.0
1,1,462,1,12,2,0.48584,0,0,9.0
1,1,463,1,12,2,0.352051,1,1,9.0
1,1,464,1,12,2,0.301514,2,2,9.0
1,1,465,1,12,2,1.004517,0,0,9.0
1,1,466,1,12,2,0.218262,1,1,9.0
1,1,467,1,12,2,0.334106,2,2,9.0
1,1,468,1,12,2,0.484497,0,0,9.0
1,1,469,1,12,2,0.351074,1,1,9.0
1,1,470,1,12,2,0.319214,2,2,9.0
1,1,471,1,12,2,0.283447,0,0,9.0
1,1,472,1,12,2,0.284668,1,1,9.0
1,1,473,1,12,2,0.317627,2,2,9.0
1,1,474,1,12,2,0.385132,0,0,9.0
1,1,475,1,12,2,0.400147,1,1,9.0
1,1,476,1,12,2,0.385498,2,2,9.0
1,1,477,1,12,2,0.602295,0,1,9.0
1,1,478,1,12,2,0.686279,1,1,9.0
1,1,479,1,12,2,0.168579,2,2,9.0
1,1,480,1,12,2,0.469849,0,0,9.0
1,1,481,1,12,2,0.316773,1,1,9.0
1,1,482,1,12,2,0.535523,2,2,9.0
1,1,483,1,12,2,0.854736,0,0,9.0
1,1,484,1,12,2,0.300659,1,1,9.0
1,1,485,1,12,2,0.335815,2,2,9.0
1,1,486,1,12,2,0.434815,0,0,9.0
1,1,487,1,12,2,0.467896,1,1,9.0
1,1,488,1,12,2,0.551025,2,2,9.0
1,1,489,1,12,2,1.155273,0,0,9.0
1,1,490,1,12,2,0.217529,1,1,9.0
1,1,491,1,12,2,0.181885,2,2,9.0
1,1,492,1,12,2,0.770142,0,0,9.0
1,1,493,1,12,2,0.08374,1,1,9.0
1,1,494,1,12,2,0.501465,2,2,9.0
1,1,495,1,12,2,0.435181,0,0,9.0
1,1,496,1,12,2,0.752564,1,1,9.0
1,1,497,1,12,2,0.216675,2,2,9.0
1,1,498,1,12,2,0.385254,0,0,9.0
1,1,499,1,12,2,0.286133,1,1,9.0
1,1,500,1,12,2,0.318237,2,2,9.0
1,1,501,1,12,2,0.688355,0,1,9.0
1,1,502,1,12,2,0.786987,1,1,9.0
1,1,503,1,12,2,0.266724,2,2,9.0
1,1,504,1,12,2,0.282593,0,0,9.0
1,1,505,1,12,2,0.250855,1,1,9.0
1,1,506,1,12,2,0.469238,2,2,9.0
1,1,507,1,12,2,0.870483,0,0,9.0
1,1,508,1,12,2,0.369263,1,1,9.0
1,1,509,1,12,2,0.300903,2,2,9.0
1,1,510,1,12,2,0.284668,0,0,9.0
1,1,511,1,12,2,0.317505,1,1,9.0
1,1,512,1,12,2,0.435425,2,2,9.0
1,1,513,1,12,2,0.603272,0,1,9.0
1,1,514,1,12,2,0.469482,1,1,9.0
1,1,515,1,12,2,0.283936,2,2,9.0
1,1,516,1,12,2,0.352417,0,0,9.0
1,1,517,1,12,2,0.117065,1,1,9.0
1,1,518,1,12,2,0.468506,2,2,9.0
1,1,519,1,12,2,0.6698,0,0,9.0
1,1,520,1,12,2,0.067261,1,1,9.0
1,1,521,1,12,2,0.418579,2,2,9.0
1,1,522,1,12,2,0.283447,0,0,9.0
1,1,523,1,12,2,0.383545,1,1,9.0
1,1,524,1,12,2,0.568115,2,2,9.0
1,1,525,1,12,2,1.171021,0,0,9.0
1,1,526,1,12,2,0.367554,1,1,9.0
1,1,527,1,12,2,0.552002,2,2,9.0
1,1,528,1,12,2,0.369629,0,0,9.0
1,1,529,1,12,2,0.686523,1,1,9.0
1,1,530,1,12,2,0.971924,2,2,9.0
1,1,531,1,12,2,0.45166,0,0,9.0
1,1,532,1,12,2,0.334595,1,1,9.0
1,1,533,1,12,2,1.524292,2,2,9.0
1,1,534,1,12,2,0.402954,0,1,9.0
1,1,535,1,12,2,0.369019,1,1,9.0
1,1,536,1,12,2,0.803467,2,2,9.0
1,1,537,1,12,2,0.318726,0,0,9.0
1,1,538,1,12,2,0.017334,1,1,9.0
1,1,539,1,12,2,0.064941,2,2,9.0
1,1,540,1,12,2,0.318115,0,0,9.0
1,1,541,1,12,2,0.10083,1,1,9.0
1,1,542,1,12,2,0.368774,2,2,9.0
1,1,543,1,12,2,0.787231,0,0,9.0
1,1,544,1,12,2,0.85376,1,1,9.0
1,1,545,1,12,2,0.602905,2,2,9.0
1,1,546,1,12,2,0.434204,0,1,9.0
1,1,547,1,12,2,0.235474,1,1,9.0
1,1,548,1,12,2,0.200073,2,2,9.0
1,1,549,1,12,2,0.301514,0,0,9.0
1,1,550,1,12,2,0.25,1,1,9.0
1,1,551,1,12,2,0.150391,2,2,9.0
1,1,552,1,12,2,0.184082,0,1,9.0
1,1,553,1,12,2,0.938965,1,1,9.0
1,1,554,1,12,2,0.43457,2,2,9.0
1,1,555,1,12,2,1.156006,0,0,9.0
1,1,556,1,12,2,0.302979,1,1,9.0
1,1,557,1,12,2,1.0896,2,2,9.0
1,1,558,1,12,2,0.418701,0,0,9.0
1,1,559,1,12,2,0.351685,1,1,9.0
1,1,560,1,12,2,0.368286,2,2,9.0
1,1,561,1,12,2,0.735474,0,0,9.0
1,1,562,1,12,2,0.285278,1,1,9.0
1,1,563,1,12,2,0.319092,2,2,9.0
1,1,564,1,12,2,0.351563,0,0,9.0
1,1,565,1,12,2,0.318604,1,1,9.0
1,1,566,1,12,2,0.01709,2,2,9.0
1,1,567,1,12,2,0.301514,0,0,9.0
1,1,568,1,12,2,0.68689,1,1,9.0
1,1,569,1,12,2,0.200684,2,2,9.0
1,1,570,1,12,2,0.452393,0,0,9.0
1,1,571,1,12,2,0.335083,1,1,9.0
1,1,572,1,12,2,0.435913,2,2,9.0
1,1,573,1,12,2,0.586914,0,0,9.0
1,1,574,1,12,2,0.30127,1,1,9.0
1,1,575,1,12,2,0.435669,2,2,9.0
1,1,576,1,12,2,0.43689,0,0,9.0
1,1,577,1,12,2,0.235352,1,1,9.0
1,1,578,1,12,2,0.4021,2,2,9.0
1,1,579,1,12,2,0.419434,0,1,9.0
1,1,580,1,12,2,0.552124,1,1,9.0
1,1,581,1,12,2,0.335083,2,2,9.0
1,1,582,1,12,2,0.20105,0,0,9.0
1,1,583,1,12,2,0.719971,1,1,9.0
1,1,584,1,12,2,0.636963,2,2,9.0
1,1,585,1,12,2,0.233887,0,0,9.0
1,1,586,1,12,2,0.082642,1,1,9.0
1,1,587,1,12,2,0.56897,2,2,9.0
1,1,588,1,12,2,1.809204,0,0,9.0
1,1,589,1,12,2,0.184937,1,1,9.0
1,1,590,1,12,2,0.303589,2,2,9.0
1,1,591,1,12,2,0.201172,0,1,9.0
1,1,592,1,12,2,0.334106,1,1,9.0
1,1,593,1,12,2,0.419434,2,2,9.0
1,1,594,1,12,2,0.503174,0,1,9.0
1,1,595,1,12,2,0.519531,1,1,9.0
1,1,596,1,12,2,0.367798,2,2,9.0
1,1,597,1,12,2,0.335083,0,0,9.0
1,1,598,1,12,2,0.653442,1,1,9.0
1,1,599,1,12,2,0.335205,2,2,9.0
1,1,600,1,12,2,1.440552,0,1,9.0
1,1,601,1,12,2,0.334839,1,1,9.0
1,1,602,1,12,2,1.222656,2,2,9.0
1,1,603,1,12,2,0.368774,0,0,9.0
1,1,604,1,12,2,0.385986,1,1,9.0
1,1,605,1,12,2,0.453613,2,2,9.0
1,1,606,1,12,2,0.620972,0,1,9.0
1,1,607,1,12,2,0.9552,1,1,9.0
1,1,608,1,12,2,0.50293,2,2,9.0
1,1,609,1,12,2,0.770386,0,1,9.0
1,1,610,1,12,2,1.48999,2,1,9.0
1,1,611,1,12,2,0.921021,2,2,9.0
1,1,612,1,12,2,0.570068,0,1,9.0
1,1,613,1,12,2,3.618164,0,1,9.0
1,1,614,1,12,2,0.469238,0,2,9.0
1,1,615,1,12,2,0.367676,0,0,9.0
1,1,616,1,12,2,0.419678,1,1,9.0
1,1,617,1,12,2,0.518677,2,2,9.0
1,1,618,1,12,2,0.403198,0,0,9.0
1,1,619,1,12,2,0.184937,1,1,9.0
1,1,620,1,12,2,0.771973,2,2,9.0
1,1,621,1,12,2,0.368652,0,0,9.0
1,1,622,1,12,2,1.088013,1,1,9.0
1,1,623,1,12,2,0.30127,2,2,9.0
1,1,624,1,12,2,0.368164,0,0,9.0
1,1,625,1,12,2,0.887817,1,1,9.0
1,1,626,1,12,2,0.301636,2,2,9.0
1,1,627,1,12,2,0.736328,0,0,9.0
1,1,628,1,12,2,0.251465,1,1,9.0
1,1,629,1,12,2,0.253296,2,2,9.0
1,1,630,1,12,2,1.138794,0,0,9.0
1,1,631,1,12,2,0.503418,1,1,9.0
1,1,632,1,12,2,0.954834,2,2,9.0
1,1,633,1,12,2,0.235596,0,1,9.0
1,1,634,1,12,2,0.738281,1,1,9.0
1,1,635,1,12,2,0.285767,2,2,9.0
1,1,636,1,12,2,0.435303,0,1,9.0
1,1,637,1,12,2,0.469116,1,1,9.0
1,1,638,1,12,2,0.637573,2,2,9.0
1,1,639,1,12,2,0.77063,0,0,9.0
1,1,640,1,12,2,0.300293,1,1,9.0
1,1,641,1,12,2,0.2677,2,2,9.0
1,1,642,1,12,2,1.557739,0,0,9.0
1,1,643,1,12,2,0.369141,1,1,9.0
1,1,644,1,12,2,0.401733,2,2,9.0
1,1,645,1,12,2,0.602295,0,0,9.0
1,1,646,1,12,2,0.402832,1,1,9.0
1,1,647,1,12,2,0.319336,2,2,9.0
1,1,648,1,12,2,0.634766,0,1,9.0
1,1,649,1,12,2,0.399658,1,1,9.0
1,1,650,1,12,2,0.20105,2,2,9.0
1,1,651,1,12,2,0.71936,0,1,9.0
1,1,652,1,12,2,0.417847,1,1,9.0
1,1,653,1,12,2,0.4021,2,2,9.0
1,1,654,1,12,2,0.486084,0,0,9.0
1,1,655,1,12,2,0.151367,1,1,9.0
1,1,656,1,12,2,0.551758,2,2,9.0
1,1,657,1,12,2,0.36792,0,0,9.0
1,1,658,1,12,2,0.335205,1,1,9.0
1,1,659,1,12,2,0.585938,2,2,9.0
1,1,660,1,12,2,0.770142,0,0,9.0
1,1,661,1,12,2,0.369141,1,1,9.0
1,1,662,1,12,2,0.183594,2,2,9.0
1,1,663,1,12,2,0.385986,0,0,9.0
1,1,664,1,12,2,0.251221,1,1,9.0
1,1,665,1,12,2,0.453369,2,2,9.0
1,1,666,1,12,2,0.452393,0,1,9.0
1,1,667,1,12,2,0.53772,1,1,9.0
1,1,668,1,12,2,0.452637,2,2,9.0
1,1,669,1,12,2,2.261963,2,1,9.0
1,1,670,1,12,2,0.40271,1,1,9.0
1,1,671,1,12,2,0.637573,2,2,9.0
1,1,672,1,12,2,0.269165,0,1,9.0
1,1,673,1,12,2,0.838257,1,1,9.0
1,1,674,1,12,2,0.402588,2,2,9.0
1,1,675,1,12,2,0.351929,0,1,9.0
1,1,676,1,12,2,0.318481,1,1,9.0
1,1,677,1,12,2,0.418335,2,2,9.0
1,1,678,1,12,2,1.0896,0,0,9.0
1,1,679,1,12,2,0.251221,1,1,9.0
1,1,680,1,12,2,0.384277,2,2,9.0
1,1,681,1,12,2,0.369141,0,0,9.0
1,1,682,1,12,2,0.28418,1,1,9.0
1,1,683,1,12,2,0.318237,2,2,9.0
1,1,684,1,12,2,0.988892,0,0,9.0
1,1,685,1,12,2,0.283691,1,1,9.0
1,1,686,1,12,2,0.184692,2,2,9.0
1,1,687,1,12,2,0.269165,0,0,9.0
1,1,688,1,12,2,0.184448,1,1,9.0
1,1,689,1,12,2,0.117798,2,2,9.0
1,1,690,1,12,2,0.117676,0,0,9.0
1,1,691,1,12,2,0.267456,1,1,9.0
1,1,692,1,12,2,0.351807,2,2,9.0
1,1,693,1,12,2,0.166748,0,0,9.0
1,1,694,1,12,2,0.301025,1,1,9.0
1,1,695,1,12,2,0.201294,2,2,9.0
1,1,696,1,12,2,0.451782,0,1,9.0
1,1,697,1,12,2,0.451904,1,1,9.0
1,1,698,1,12,2,0.033081,2,2,9.0
1,1,699,1,12,2,0.268311,0,0,9.0
1,1,700,1,12,2,0.317627,1,1,9.0
1,1,701,1,12,2,0.38794,2,2,9.0
1,1,702,1,12,2,0.602173,0,0,9.0
1,1,703,1,12,2,0.250977,1,1,9.0
1,1,704,1,12,2,0.486328,2,2,9.0
1,1,705,1,12,2,0.285889,0,0,9.0
1,1,706,1,12,2,0.234985,1,1,9.0
1,1,707,1,12,2,0.233398,2,2,9.0
1,1,708,1,12,2,0.350098,0,0,9.0
1,1,709,1,12,2,0.251343,1,1,9.0
1,1,710,1,12,2,0.502319,2,2,9.0
1,1,711,1,12,2,0.501709,0,0,9.0
1,1,712,1,12,2,0.183838,1,1,9.0
1,1,713,1,12,2,0.167725,2,2,9.0
1,1,714,1,12,2,0.233765,0,0,9.0
1,1,715,1,12,2,0.234741,1,1,9.0
1,1,716,1,12,2,0.38562,2,2,9.0
1,1,717,1,12,2,1.071777,0,1,9.0
1,1,718,1,12,2,0.350952,1,1,9.0
1,1,719,1,12,2,0.401367,2,2,9.0
1,1,720,1,12,2,0.435425,0,1,9.0
1,1,721,1,12,2,0.65332,1,1,9.0
1,1,722,1,12,2,0.116455,2,2,9.0
1,1,723,1,12,2,0.537231,0,0,9.0
1,1,724,1,12,2,0.234375,1,1,9.0
1,1,725,1,12,2,0.971924,2,2,9.0
1,1,726,1,12,2,0.267822,0,0,9.0
1,1,727,1,12,2,0.165772,1,1,9.0
1,1,728,1,12,2,0.318237,2,2,9.0
1,1,729,1,12,2,0.418823,0,0,9.0
1,1,730,1,12,2,0.282227,1,1,9.0
1,1,731,1,12,2,0.888672,2,2,9.0
1,1,732,1,12,2,0.267334,0,0,9.0
1,1,733,1,12,2,0.317993,1,1,9.0
1,1,734,1,12,2,0.049438,2,2,9.0
1,1,735,1,12,2,0.250977,0,0,9.0
1,1,736,1,12,2,0.234741,1,1,9.0
1,1,737,1,12,2,0.386108,2,2,9.0
1,1,738,1,12,2,0.369019,0,0,9.0
1,1,739,1,12,2,0.133667,1,1,9.0
1,1,740,1,12,2,0.385986,2,2,9.0
1,1,741,1,12,2,0.317993,0,0,9.0
1,1,742,1,12,2,0.352173,1,1,9.0
1,1,743,1,12,2,0.200073,2,2,9.0
1,1,744,1,12,2,0.317871,0,0,9.0
1,1,745,1,12,2,0.167236,1,1,9.0
1,1,746,1,12,2,0.333496,2,2,9.0
1,1,747,1,12,2,0.201538,0,0,9.0
1,1,748,1,12,2,0.284302,1,1,9.0
1,1,749,1,12,2,0.098999,2,2,9.0
1,1,750,1,12,2,0.050171,0,0,9.0
1,1,751,1,12,2,0.199829,1,1,9.0
1,1,752,1,12,2,0.28479,2,2,9.0
1,1,753,1,12,2,0.283569,0,0,9.0
1,1,754,1,12,2,0.250244,1,1,9.0
1,1,755,1,12,2,0.603149,2,2,9.0
1,1,756,1,12,2,0.349365,0,0,9.0
1,1,757,1,12,2,0.134033,1,1,9.0
1,1,758,1,12,2,0.400879,2,2,9.0
1,1,759,1,12,2,0.268555,0,0,9.0
1,1,760,1,12,2,0.519287,1,1,9.0
1,1,761,1,12,2,0.318481,2,2,9.0
1,1,762,1,12,2,0.318726,0,1,9.0
1,1,763,1,12,2,1.508301,1,1,9.0
1,1,764,1,12,2,0.251221,2,2,9.0
1,1,765,1,12,2,0.468994,0,1,9.0
1,1,766,1,12,2,0.251343,1,1,9.0
1,1,767,1,12,2,0.436157,2,2,9.0
1,1,768,1,12,2,0.402344,0,0,9.0
1,1,769,1,12,2,0.26709,1,1,9.0
1,1,770,1,12,2,0.385132,2,2,9.0
1,1,771,1,12,2,0.251709,0,0,9.0
1,1,772,1,12,2,0.502441,1,1,9.0
1,1,773,1,12,2,0.217407,2,2,9.0
1,1,774,1,12,2,0.251099,0,0,9.0
1,1,775,1,12,2,0.032837,1,1,9.0
1,1,776,1,12,2,0.95398,2,2,9.0
1,1,777,1,12,2,1.12207,0,0,9.0
1,1,778,1,12,2,0.452881,1,1,9.0
1,1,779,1,12,2,0.419434,2,2,9.0
1,1,780,1,12,2,0.151367,0,0,9.0
1,1,781,1,12,2,0.251709,1,1,9.0
1,1,782,1,12,2,0.438965,2,2,9.0
1,1,783,1,12,2,0.450928,0,0,9.0
1,1,784,1,12,2,0.385254,1,1,9.0
1,1,785,1,12,2,0.318115,2,2,9.0
1,1,786,1,12,2,0.419678,0,0,9.0
1,1,787,1,12,2,0.20044,1,1,9.0
1,1,788,1,12,2,0.066406,2,2,9.0
1,1,789,1,12,2,1.03833,0,1,9.0
1,1,790,1,12,2,0.636963,1,1,9.0
1,1,791,1,12,2,0.334717,2,2,9.0
1,1,792,1,12,2,0.267334,0,0,9.0
1,1,793,1,12,2,0.266846,1,1,9.0
1,1,794,1,12,2,0.385742,2,2,9.0
1,1,795,1,12,2,0.150391,0,1,9.0
1,1,796,1,12,2,0.452393,1,1,9.0
1,1,797,1,12,2,0.401856,2,2,9.0
1,1,798,1,12,2,0.652588,0,1,9.0
1,1,799,1,12,2,0.234863,1,1,9.0
1,1,800,1,12,2,0.52002,2,2,9.0
1,1,801,1,12,2,0.618652,0,1,9.0
1,1,802,1,12,2,0.218506,1,1,9.0
1,1,803,1,12,2,0.871582,2,2,9.0
1,1,804,1,12,2,0.653565,0,0,9.0
1,1,805,1,12,2,0.200684,1,1,9.0
1,1,806,1,12,2,0.317871,2,2,9.0
1,1,807,1,12,2,0.318115,0,0,9.0
1,1,808,1,12,2,1.106445,1,1,9.0
1,1,809,1,12,2,0.367676,2,2,9.0
1,1,810,1,12,2,0.269287,0,0,9.0
1,1,811,1,12,2,0.284912,1,1,9.0
1,1,812,1,12,2,0.301025,2,2,9.0
1,1,813,1,12,2,0.352051,0,0,9.0
1,1,814,1,12,2,0.216797,1,1,9.0
1,1,815,1,12,2,0.301514,2,2,9.0
1,1,816,1,12,2,0.4021,0,0,9.0
1,1,817,1,12,2,0.2854,1,1,9.0
1,1,818,1,12,2,0.35083,2,2,9.0
1,1,819,1,12,2,0.183594,0,0,9.0
1,1,820,1,12,2,0.468994,1,1,9.0
1,1,821,1,12,2,0.301025,2,2,9.0
1,1,822,1,12,2,0.234863,0,0,9.0
1,1,823,1,12,2,0.4021,1,1,9.0
1,1,824,1,12,2,0.285156,2,2,9.0
1,1,825,1,12,2,0.437012,0,0,9.0
1,1,826,1,12,2,0.217529,1,1,9.0
1,1,827,1,12,2,0.485352,2,2,9.0
1,1,828,1,12,2,0.202393,0,1,9.0
1,1,829,1,12,2,0.452881,1,1,9.0
1,1,830,1,12,2,0.386719,2,2,9.0
1,1,831,1,12,2,0.87085,0,0,9.0
1,1,832,1,12,2,0.234131,1,1,9.0
1,1,833,1,12,2,0.402344,2,2,9.0
1,1,834,1,12,2,0.770752,0,0,9.0
1,1,835,1,12,2,0.134033,1,1,9.0
1,1,836,1,12,2,0.30127,2,2,9.0
1,1,837,1,12,2,0.084717,0,0,9.0
1,1,838,1,12,2,0.268555,1,1,9.0
1,1,839,1,12,2,0.569092,2,2,9.0
1,1,840,1,12,2,0.116699,0,0,9.0
1,1,841,1,12,2,1.35791,1,1,9.0
1,1,842,1,12,2,0.435791,2,2,9.0
1,1,843,1,12,2,0.552979,0,0,9.0
1,1,844,1,12,2,0.871338,1,1,9.0
1,1,845,1,12,2,0.353027,2,2,9.0
1,1,846,1,12,2,0.970947,0,0,9.0
1,1,847,1,12,2,0.21582,1,1,9.0
1,1,848,1,12,2,0.520752,2,2,9.0
1,1,849,1,12,2,0.619141,0,0,9.0
1,1,850,1,12,2,0.417969,1,1,9.0
1,1,851,1,12,2,0.535889,2,2,9.0
1,1,852,1,12,2,0.351074,0,0,9.0
1,1,853,1,12,2,0.133545,1,1,9.0
1,1,854,1,12,2,0.150391,2,2,9.0
1,1,855,1,12,2,0.603516,0,1,9.0
1,1,856,1,12,2,0.368164,1,1,9.0
1,1,857,1,12,2,0.083496,2,2,9.0
1,1,858,1,12,2,1.239258,0,0,9.0
1,1,859,1,12,2,0.166748,1,1,9.0
1,1,860,1,12,2,0.30127,2,2,9.0
1,1,861,1,12,2,1.155518,0,0,9.0
1,1,862,1,12,2,0.251709,1,1,9.0
1,1,863,1,12,2,0.603516,2,2,9.0
1,1,864,1,12,2,1.105713,0,1,9.0
1,1,865,1,12,2,0.251709,1,1,9.0
1,1,866,1,12,2,0.385498,2,2,9.0
1,1,867,1,12,2,0.753906,0,0,9.0
1,1,868,1,12,2,0.100586,1,1,9.0
1,1,869,1,12,2,0.435059,2,2,9.0
1,1,870,1,12,2,0.737549,0,0,9.0
1,1,871,1,12,2,0.23584,1,1,9.0
1,1,872,1,12,2,0.703369,2,2,9.0
1,1,873,1,12,2,1.474365,0,0,9.0
1,1,874,1,12,2,0.20166,1,1,9.0
1,1,875,1,12,2,0.235352,2,2,9.0
1,1,876,1,12,2,1.741699,0,1,9.0
1,1,877,1,12,2,0.552979,1,1,9.0
1,1,878,1,12,2,0.401611,2,2,9.0
1,1,879,1,12,2,0.469482,0,0,9.0
1,1,880,1,12,2,0.503662,1,1,9.0
1,1,881,1,12,2,0.402588,2,2,9.0
1,1,882,1,12,2,0.536865,0,0,9.0
1,1,883,1,12,2,0.250244,1,1,9.0
1,1,884,1,12,2,0.518311,2,2,9.0
1,1,885,1,12,2,1.17334,0,0,9.0
1,1,886,1,12,2,0.215576,1,1,9.0
1,1,887,1,12,2,0.38501,2,2,9.0
1,1,888,1,12,2,0.485596,0,1,9.0
1,1,889,1,12,2,0.704102,1,1,9.0
1,1,890,1,12,2,0.871582,2,2,9.0
1,1,891,1,12,2,1.189941,0,0,9.0
1,1,892,1,12,2,0.384033,1,1,9.0
1,1,893,1,12,2,0.285889,2,2,9.0
1,1,894,1,12,2,0.385742,0,0,9.0
1,1,895,1,12,2,0.267578,1,1,9.0
1,1,896,1,12,2,0.301758,2,2,9.0
1,1,897,1,12,2,0.904541,0,0,9.0
1,1,898,1,12,2,0.217773,1,1,9.0
1,1,899,1,12,2,0.4021,2,2,9.0
1,1,900,1,12,2,0.386231,0,0,9.0
1,1,901,1,12,2,0.283447,1,1,9.0
1,1,902,1,12,2,0.686035,2,2,9.0
1,1,903,1,12,2,0.284912,0,0,9.0
1,1,904,1,12,2,0.586914,1,1,9.0
1,1,905,1,12,2,0.318115,2,2,9.0
1,1,906,1,12,2,0.333496,0,0,9.0
1,1,907,1,12,2,0.335449,1,1,9.0
1,1,908,1,12,2,0.453125,2,2,9.0
1,1,909,1,12,2,0.368897,0,1,9.0
1,1,910,1,12,2,0.368897,1,1,9.0
1,1,911,1,12,2,0.369873,2,2,9.0
1,1,912,1,12,2,0.56958,0,0,9.0
1,1,913,1,12,2,0.150635,1,1,9.0
1,1,914,1,12,2,0.352295,2,2,9.0
1,1,915,1,12,2,0.218506,0,0,9.0
1,1,916,1,12,2,0.385986,1,1,9.0
1,1,917,1,12,2,0.2854,2,2,9.0
1,1,918,1,12,2,0.429443,0,0,9.0
1,1,919,1,12,2,0.469482,1,1,9.0
1,1,920,1,12,2,0.284668,2,2,9.0
1,1,921,1,12,2,0.87085,0,0,9.0
1,1,922,1,12,2,0.30127,1,1,9.0
1,1,923,1,12,2,0.150147,2,2,9.0
1,1,924,1,12,2,0.534668,0,0,9.0
1,1,925,1,12,2,0.285156,1,1,9.0
1,1,926,1,12,2,0.536621,2,2,9.0
1,1,927,1,12,2,0.366943,0,0,9.0
1,1,928,1,12,2,0.168457,1,1,9.0
1,1,929,1,12,2,0.386475,2,2,9.0
1,1,930,1,12,2,0.18457,0,0,9.0
1,1,931,1,12,2,0.385254,1,1,9.0
1,1,932,1,12,2,0.366699,2,2,9.0
1,1,933,1,12,2,0.251953,0,0,9.0
1,1,934,1,12,2,0.284668,1,1,9.0
1,1,935,1,12,2,0.333984,2,2,9.0
1,1,936,1,12,2,0.335938,0,1,9.0
1,1,937,1,12,2,0.669922,1,1,9.0
1,1,938,1,12,2,0.284912,2,2,9.0
1,1,939,1,12,2,0.183838,0,1,9.0
1,1,940,1,12,2,0.70459,1,1,9.0
1,1,941,1,12,2,0.368652,2,2,9.0
1,1,942,1,12,2,0.420654,0,0,9.0
1,1,943,1,12,2,0.30249,1,1,9.0
1,1,944,1,12,2,0.45166,2,2,9.0
1,1,945,1,12,2,0.284912,0,0,9.0
1,1,946,1,12,2,0.183594,1,1,9.0
1,1,947,1,12,2,0.52002,2,2,9.0
1,1,948,1,12,2,0.384033,0,1,9.0
1,1,949,1,12,2,0.401856,1,1,9.0
1,1,950,1,12,2,0.401856,2,2,9.0
1,1,951,1,12,2,0.317871,0,0,9.0
1,1,952,1,12,2,0.434326,1,1,9.0
1,1,953,1,12,2,0.301025,2,2,9.0
1,1,954,1,12,2,0.435059,0,0,9.0
1,1,955,1,12,2,0.384766,1,1,9.0
1,1,956,1,12,2,0.401856,2,2,9.0
1,1,957,1,12,2,0.334961,0,0,9.0
1,1,958,1,12,2,0.217041,1,1,9.0
1,1,959,1,12,2,0.536377,2,2,9.0
1,1,960,1,12,2,0.217529,0,0,9.0
1,1,961,1,12,2,0.151123,1,1,9.0
1,1,962,1,12,2,0.368408,2,2,9.0
1,1,963,1,12,2,0.352295,0,0,9.0
1,1,964,1,12,2,0.115723,1,1,9.0
1,1,965,1,12,2,0.333984,2,2,9.0
1,1,966,1,12,2,0.201416,0,0,9.0
1,1,967,1,12,2,0.417236,1,1,9.0
1,1,968,1,12,2,0.399658,2,2,9.0
1,1,969,1,12,2,0.36792,0,1,9.0
1,1,970,1,12,2,0.351318,1,1,9.0
1,1,971,1,12,2,0.36792,2,2,9.0
1,1,972,1,12,2,1.173096,0,0,9.0
1,1,973,1,12,2,0.434815,1,1,9.0
1,1,974,1,12,2,0.334717,2,2,9.0
1,1,975,1,12,2,0.837402,0,1,9.0
1,1,976,1,12,2,0.368897,1,1,9.0
1,1,977,1,12,2,0.333984,2,2,9.0
1,1,978,1,12,2,0.419922,0,0,9.0
1,1,979,1,12,2,0.217285,1,1,9.0
1,1,980,1,12,2,0.268555,2,2,9.0
1,1,981,1,12,2,0.837891,0,0,9.0
1,1,982,1,12,2,0.20044,1,1,9.0
1,1,983,1,12,2,1.943115,2,2,9.0
1,1,984,1,12,2,0.468506,0,0,9.0
1,1,985,1,12,2,0.099854,1,1,9.0
1,1,986,1,12,2,0.787598,2,2,9.0
1,1,987,1,12,2,0.888184,0,0,9.0
1,1,988,1,12,2,0.737549,1,1,9.0
1,1,989,1,12,2,0.252441,2,2,9.0
1,1,990,1,12,2,0.670898,0,1,9.0
1,1,991,1,12,2,0.435547,1,1,9.0
1,1,992,1,12,2,0.403076,2,2,9.0
1,1,993,1,12,2,0.284424,0,0,9.0
1,1,994,1,12,2,0.151367,1,1,9.0
1,1,995,1,12,2,0.333984,2,2,9.0
1,1,996,1,12,2,0.52002,0,1,9.0
1,1,997,1,12,2,0.483887,1,1,9.0
1,1,998,1,12,2,0.43457,2,2,9.0
1,1,999,1,12,2,0.436523,0,0,9.0
1,1,1000,1,12,2,0.167725,1,1,9.0
